{"offline_id": "05daf5a53ed04ad0aade37f441d62806", "project_name": "yolov5", "start_time": 1676471723287, "stop_time": 1676471730601, "tags": [], "workspace": null, "resume_strategy": "create", "customer_error_reported": true, "customer_error_message": "Unexpected error detected in the user script: UnicodeDecodeError('gbk', b\"# YOLOv5 \\xf0\\x9f\\x9a\\x80 by Ultralytics, GPL-3.0 license\\n# COCO128 dataset https://www.kaggle.com/ultralytics/coco128 (first 128 images from COCO train2017) by Ultralytics\\n# Example usage: python train.py --data coco128.yaml\\n# parent\\n# \\xe2\\x94\\x9c\\xe2\\x94\\x80\\xe2\\x94\\x80 yolov5\\n# \\xe2\\x94\\x94\\xe2\\x94\\x80\\xe2\\x94\\x80 datasets\\n#     \\xe2\\x94\\x94\\xe2\\x94\\x80\\xe2\\x94\\x80 coco128  \\xe2\\x86\\x90 downloads here (7 MB)\\n# Train/val/test sets as 1) dir: path/to/imgs, 2) file: path/to/imgs.txt, or 3) list: [path/to/imgs1, path/to/imgs2, ..]\\n# path: ../datasets/coco128  # dataset root dir\\ntrain: shujuji/train  # train images (relative to 'path') 128 images\\nval: shujuji/train  # val images (relative to 'path') 128 images\\ntest:  # test images (optional)\\n# Classes\\nnames:\\n  0: gost\\n# Download script/URL (optional)\\n# download: https://ultralytics.com/assets/coco128.zip\", 233, 234, 'illegal multibyte sequence')"}