{"payload":{"installed_packages":["absl-py==1.3.0","astunparse==1.6.3","attrs==22.2.0","automat==22.10.0","automium-web==0.1.1","automium==0.2.6","autopy==4.0.0","backcall==0.2.0","cachetools==5.2.1","certifi==2022.12.7","charset-normalizer==2.1.1","click==8.1.3","colorama==0.4.6","comet-ml==3.32.1","common-model==0.5.2","configobj==5.0.8","constantly==15.1.0","construct==2.10.68","cycler==0.11.0","decorator==5.1.1","dulwich==0.21.2","everett==3.1.0","export==0.1.2","flask==2.2.2","flatbuffers==23.1.4","fonttools==4.38.0","gast==0.4.0","gitdb==4.0.10","gitpython==3.1.30","google-auth-oauthlib==0.4.6","google-auth==2.16.0","google-pasta==0.2.0","grpcio==1.51.1","h5py==3.7.0","hyperlink==21.0.0","idna==3.4","importlib-metadata==6.0.0","importlib-resources==5.10.2","incremental==22.10.0","ipython==7.34.0","itsdangerous==2.1.2","jedi==0.18.2","jinja2==3.1.2","jsonschema==4.17.3","keras==2.11.0","kiwisolver==1.4.4","labelimg==1.8.6","legacy==0.1.6","libclang==15.0.6.1","lxml==4.9.2","markdown==3.4.1","markupsafe==2.1.1","matplotlib-inline==0.1.6","matplotlib==3.5.3","mediapipe==0.9.0.1","numpy==1.21.6","oauthlib==3.2.2","opencv-contrib-python==4.7.0.68","opencv-python==4.7.0.68","opt-einsum==3.3.0","packaging==23.0","pandas==1.3.5","parso==0.8.3","pickleshare==0.7.5","pillow==9.4.0","pip==22.3.1","pkgutil-resolve-name==1.3.10","ply==3.11","prompt-toolkit==3.0.36","protobuf==3.19.6","psutil==5.9.4","pyasn1-modules==0.2.8","pyasn1==0.4.8","pycryptodomex==3.16.0","pydantic==1.10.4","pygments==2.14.0","pyparsing==3.0.9","pyqt5-qt5==5.15.2","pyqt5-sip==12.11.1","pyqt5==5.15.9","pyrsistent==0.19.3","pysmi==0.3.4","pysnmp==4.4.12","python-box==6.1.0","python-dateutil==2.8.2","python-opencv==1.0.0.14","pytz==2022.7","pywin32==305","pyyaml==6.0","requests-oauthlib==1.3.1","requests-toolbelt==0.10.1","requests==2.28.1","rsa==4.9","scipy==1.7.3","seaborn==0.12.2","semantic-version==2.10.0","sentry-sdk==1.15.0","setuptools==65.6.3","simplejson==3.18.3","six==1.16.0","smmap==5.0.0","tensor==0.3.6","tensorboard-data-server==0.6.1","tensorboard-plugin-wit==1.8.1","tensorboard==2.11.0","tensorflow-estimator==2.11.0","tensorflow-intel==2.11.0","tensorflow-io-gcs-filesystem==0.29.0","tensorflow==2.11.0","termcolor==2.2.0","thop==0.1.1.post2209072238","torch==1.13.1+cu116","torchaudio==0.13.1+cu116","torchvision==0.14.1+cu116","tqdm==4.64.1","traitlets==5.8.1","twisted-iocpsupport==1.0.2","twisted==22.10.0","typing-extensions==4.4.0","urllib3==1.26.13","wcwidth==0.2.5","websocket-client==1.3.3","werkzeug==2.2.2","wheel==0.38.4","wincertstore==0.2","wrapt==1.14.1","wurlitzer==3.0.3","zipp==3.11.0","zope.interface==5.5.2"],"local_timestamp":1676474062042},"type":"ws_msg"}
{"payload":{"env_details":{"command":["train.py","--img","640","--batch","8","--epochs","50","--data","./data/coco128.yaml","--cfg","./models/yolov5s.yaml","--weights","yolo5s.pt"],"env":null,"hostname":"mark","ip":"192.168.1.4","machine":"AMD64","os":"Windows-10-10.0.22621-SP0","os_release":"10","os_type":"Windows","pid":15112,"processor":"AMD64 Family 25 Model 80 Stepping 0, AuthenticAMD","python_exe":"D:\\Program Files\\Anaconda\\envs\\yolo_py37\\python.exe","python_version":"3.7.15","python_version_verbose":"3.7.15 (default, Nov 24 2022, 18:44:54) [MSC v.1916 64 bit (AMD64)]","user":"27701"},"local_timestamp":1676474062097},"type":"ws_msg"}
{"payload":{"gpu_static_info":[{"gpu_index":0,"name":"NVIDIA GeForce RTX 3060 Laptop GPU","power_limit":null,"total_memory":6442450944,"uuid":"GPU-37fc2901-6b71-4849-97f8-e1953fbbc22a"}],"local_timestamp":1676474062121},"type":"ws_msg"}
{"payload":{"local_timestamp":1676474062121,"metric":{"epoch":null,"metricName":"sys.gpu.0.total_memory","metricValue":6442450944,"step":null}},"type":"metric_msg"}
{"payload":{"local_timestamp":1676474062311,"param":{"paramName":"img","paramValue":640,"source":"cli","step":null}},"type":"parameter_msg"}
{"payload":{"local_timestamp":1676474062311,"param":{"paramName":"batch","paramValue":8,"source":"cli","step":null}},"type":"parameter_msg"}
{"payload":{"local_timestamp":1676474062311,"param":{"paramName":"epochs","paramValue":50,"source":"cli","step":null}},"type":"parameter_msg"}
{"payload":{"local_timestamp":1676474062311,"param":{"paramName":"data","paramValue":"./data/coco128.yaml","source":"cli","step":null}},"type":"parameter_msg"}
{"payload":{"local_timestamp":1676474062311,"param":{"paramName":"cfg","paramValue":"./models/yolov5s.yaml","source":"cli","step":null}},"type":"parameter_msg"}
{"payload":{"local_timestamp":1676474062311,"param":{"paramName":"weights","paramValue":"yolo5s.pt","source":"cli","step":null}},"type":"parameter_msg"}
{"payload":{"local_timestamp":1676474062311,"metric":{"epoch":null,"metricName":"sys.cpu.percent.avg","metricValue":2.475,"step":null}},"type":"metric_msg"}
{"payload":{"local_timestamp":1676474062311,"metric":{"epoch":null,"metricName":"sys.cpu.percent.01","metricValue":0.0,"step":null}},"type":"metric_msg"}
{"payload":{"local_timestamp":1676474062311,"metric":{"epoch":null,"metricName":"sys.cpu.percent.02","metricValue":0.0,"step":null}},"type":"metric_msg"}
{"payload":{"local_timestamp":1676474062311,"metric":{"epoch":null,"metricName":"sys.cpu.percent.03","metricValue":0.0,"step":null}},"type":"metric_msg"}
{"payload":{"local_timestamp":1676474062311,"metric":{"epoch":null,"metricName":"sys.cpu.percent.04","metricValue":0.0,"step":null}},"type":"metric_msg"}
{"payload":{"local_timestamp":1676474062311,"metric":{"epoch":null,"metricName":"sys.cpu.percent.05","metricValue":0.4,"step":null}},"type":"metric_msg"}
{"payload":{"local_timestamp":1676474062311,"metric":{"epoch":null,"metricName":"sys.cpu.percent.06","metricValue":0.0,"step":null}},"type":"metric_msg"}
{"payload":{"local_timestamp":1676474062311,"metric":{"epoch":null,"metricName":"sys.cpu.percent.07","metricValue":1.5,"step":null}},"type":"metric_msg"}
{"payload":{"local_timestamp":1676474062311,"metric":{"epoch":null,"metricName":"sys.cpu.percent.08","metricValue":2.2,"step":null}},"type":"metric_msg"}
{"payload":{"local_timestamp":1676474062311,"metric":{"epoch":null,"metricName":"sys.cpu.percent.09","metricValue":5.5,"step":null}},"type":"metric_msg"}
{"payload":{"local_timestamp":1676474062311,"metric":{"epoch":null,"metricName":"sys.cpu.percent.10","metricValue":30.0,"step":null}},"type":"metric_msg"}
{"payload":{"local_timestamp":1676474062311,"metric":{"epoch":null,"metricName":"sys.cpu.percent.11","metricValue":0.0,"step":null}},"type":"metric_msg"}
{"payload":{"local_timestamp":1676474062311,"metric":{"epoch":null,"metricName":"sys.cpu.percent.12","metricValue":0.0,"step":null}},"type":"metric_msg"}
{"payload":{"local_timestamp":1676474062311,"metric":{"epoch":null,"metricName":"sys.cpu.percent.13","metricValue":0.0,"step":null}},"type":"metric_msg"}
{"payload":{"local_timestamp":1676474062311,"metric":{"epoch":null,"metricName":"sys.cpu.percent.14","metricValue":0.0,"step":null}},"type":"metric_msg"}
{"payload":{"local_timestamp":1676474062311,"metric":{"epoch":null,"metricName":"sys.cpu.percent.15","metricValue":0.0,"step":null}},"type":"metric_msg"}
{"payload":{"local_timestamp":1676474062315,"metric":{"epoch":null,"metricName":"sys.cpu.percent.16","metricValue":0.0,"step":null}},"type":"metric_msg"}
{"payload":{"local_timestamp":1676474062315,"metric":{"epoch":null,"metricName":"sys.load.avg","metricValue":0.0,"step":null}},"type":"metric_msg"}
{"payload":{"local_timestamp":1676474062315,"metric":{"epoch":null,"metricName":"sys.ram.total","metricValue":17008422912,"step":null}},"type":"metric_msg"}
{"payload":{"local_timestamp":1676474062315,"metric":{"epoch":null,"metricName":"sys.ram.used","metricValue":7929700352,"step":null}},"type":"metric_msg"}
{"payload":{"local_timestamp":1676474062315,"log_other":{"key":"offline_experiment","val":true}},"type":"ws_msg"}
{"payload":{"local_timestamp":1676474062317,"metric":{"epoch":null,"metricName":"sys.gpu.0.free_memory","metricValue":5810274304,"step":null}},"type":"metric_msg"}
{"payload":{"local_timestamp":1676474062317,"metric":{"epoch":null,"metricName":"sys.gpu.0.gpu_utilization","metricValue":1,"step":null}},"type":"metric_msg"}
{"payload":{"local_timestamp":1676474062317,"metric":{"epoch":null,"metricName":"sys.gpu.0.power_usage","metricValue":12230,"step":null}},"type":"metric_msg"}
{"payload":{"local_timestamp":1676474062318,"metric":{"epoch":null,"metricName":"sys.gpu.0.temperature","metricValue":33,"step":null}},"type":"metric_msg"}
{"payload":{"local_timestamp":1676474062318,"metric":{"epoch":null,"metricName":"sys.gpu.0.used_memory","metricValue":632176640,"step":null}},"type":"metric_msg"}
{"payload":{"additional_params":{"assetId":"4b757f1aecf44b69b1c4c0390fb46848","context":null,"extension":"yaml","fileName":"coco128.yaml","overwrite":false,"runId":null,"step":null},"clean":true,"file_path":"tmpibz5hn0t","local_timestamp":1676474062324,"metadata":{"type":"data-config-file"},"upload_type":"asset"},"type":"file_upload"}
{"payload":{"local_timestamp":1676474062324,"log_other":{"key":"Created from","val":"YOLOv5"}},"type":"ws_msg"}
{"payload":{"local_timestamp":1676474062324,"param":{"paramName":"artifact_alias","paramValue":"latest","source":"manual","step":null}},"type":"parameter_msg"}
{"payload":{"local_timestamp":1676474062324,"param":{"paramName":"batch_size","paramValue":8,"source":"manual","step":null}},"type":"parameter_msg"}
{"payload":{"local_timestamp":1676474062324,"param":{"paramName":"bbox_interval","paramValue":-1,"source":"manual","step":null}},"type":"parameter_msg"}
{"payload":{"local_timestamp":1676474062324,"param":{"paramName":"bucket","paramValue":"","source":"manual","step":null}},"type":"parameter_msg"}
{"payload":{"local_timestamp":1676474062324,"param":{"paramName":"cache","paramValue":null,"source":"manual","step":null}},"type":"parameter_msg"}
{"payload":{"local_timestamp":1676474062327,"param":{"paramName":"cos_lr","paramValue":false,"source":"manual","step":null}},"type":"parameter_msg"}
{"payload":{"local_timestamp":1676474062327,"param":{"paramName":"device","paramValue":"0","source":"manual","step":null}},"type":"parameter_msg"}
{"payload":{"local_timestamp":1676474062327,"param":{"paramName":"entity","paramValue":null,"source":"manual","step":null}},"type":"parameter_msg"}
{"payload":{"local_timestamp":1676474062327,"param":{"paramName":"evolve","paramValue":null,"source":"manual","step":null}},"type":"parameter_msg"}
{"payload":{"local_timestamp":1676474062327,"param":{"paramName":"exist_ok","paramValue":false,"source":"manual","step":null}},"type":"parameter_msg"}
{"payload":{"local_timestamp":1676474062327,"params":{"paramName":"freeze","paramValue":[0],"source":"manual","step":null}},"type":"parameter_msg"}
{"payload":{"local_timestamp":1676474062327,"param":{"paramName":"hyp","paramValue":"{\"anchor_t\": 4.0, \"box\": 0.05, \"cls\": 0.5, \"cls_pw\": 1.0, \"copy_paste\": 0.0, \"degrees\": 0.0, \"fl_gamma\": 0.0, \"fliplr\": 0.5, \"flipud\": 0.0, \"hsv_h\": 0.015, \"hsv_s\": 0.7, \"hsv_v\": 0.4, \"iou_t\": 0.2, \"lr0\": 0.01, \"lrf\": 0.01, \"mixup\": 0.0, \"momentum\": 0.937, \"mosaic\": 1.0, \"obj\": 1.0, \"obj_pw\": 1.0, \"perspective\": 0.0, \"scale\": 0.5, \"shear\": 0.0, \"translate\": 0.1, \"warmup_bias_lr\": 0.1, \"warmup_epochs\": 3.0, \"warmup_momentum\": 0.8, \"weight_decay\": 0.0005}","source":"manual","step":null}},"type":"parameter_msg"}
{"payload":{"local_timestamp":1676474062327,"param":{"paramName":"image_weights","paramValue":false,"source":"manual","step":null}},"type":"parameter_msg"}
{"payload":{"local_timestamp":1676474062327,"param":{"paramName":"imgsz","paramValue":640,"source":"manual","step":null}},"type":"parameter_msg"}
{"payload":{"local_timestamp":1676474062327,"param":{"paramName":"label_smoothing","paramValue":0.0,"source":"manual","step":null}},"type":"parameter_msg"}
{"payload":{"local_timestamp":1676474062327,"param":{"paramName":"local_rank","paramValue":-1,"source":"manual","step":null}},"type":"parameter_msg"}
{"payload":{"local_timestamp":1676474062327,"param":{"paramName":"multi_scale","paramValue":false,"source":"manual","step":null}},"type":"parameter_msg"}
{"payload":{"local_timestamp":1676474062327,"param":{"paramName":"name","paramValue":"exp","source":"manual","step":null}},"type":"parameter_msg"}
{"payload":{"local_timestamp":1676474062327,"param":{"paramName":"noautoanchor","paramValue":false,"source":"manual","step":null}},"type":"parameter_msg"}
{"payload":{"local_timestamp":1676474062327,"param":{"paramName":"noplots","paramValue":false,"source":"manual","step":null}},"type":"parameter_msg"}
{"payload":{"local_timestamp":1676474062327,"param":{"paramName":"nosave","paramValue":false,"source":"manual","step":null}},"type":"parameter_msg"}
{"payload":{"local_timestamp":1676474062327,"param":{"paramName":"noval","paramValue":false,"source":"manual","step":null}},"type":"parameter_msg"}
{"payload":{"local_timestamp":1676474062327,"param":{"paramName":"optimizer","paramValue":"SGD","source":"manual","step":null}},"type":"parameter_msg"}
{"payload":{"local_timestamp":1676474062327,"param":{"paramName":"patience","paramValue":100,"source":"manual","step":null}},"type":"parameter_msg"}
{"payload":{"local_timestamp":1676474062327,"param":{"paramName":"project","paramValue":"runs\\train","source":"manual","step":null}},"type":"parameter_msg"}
{"payload":{"local_timestamp":1676474062327,"param":{"paramName":"quad","paramValue":false,"source":"manual","step":null}},"type":"parameter_msg"}
{"payload":{"local_timestamp":1676474062327,"param":{"paramName":"rect","paramValue":false,"source":"manual","step":null}},"type":"parameter_msg"}
{"payload":{"local_timestamp":1676474062327,"param":{"paramName":"resume","paramValue":false,"source":"manual","step":null}},"type":"parameter_msg"}
{"payload":{"local_timestamp":1676474062327,"param":{"paramName":"save_dir","paramValue":"runs\\train\\exp6","source":"manual","step":null}},"type":"parameter_msg"}
{"payload":{"local_timestamp":1676474062327,"param":{"paramName":"save_period","paramValue":-1,"source":"manual","step":null}},"type":"parameter_msg"}
{"payload":{"local_timestamp":1676474062327,"param":{"paramName":"seed","paramValue":0,"source":"manual","step":null}},"type":"parameter_msg"}
{"payload":{"local_timestamp":1676474062327,"param":{"paramName":"single_cls","paramValue":false,"source":"manual","step":null}},"type":"parameter_msg"}
{"payload":{"local_timestamp":1676474062327,"param":{"paramName":"sync_bn","paramValue":false,"source":"manual","step":null}},"type":"parameter_msg"}
{"payload":{"local_timestamp":1676474062327,"param":{"paramName":"upload_dataset","paramValue":false,"source":"manual","step":null}},"type":"parameter_msg"}
{"payload":{"local_timestamp":1676474062327,"param":{"paramName":"workers","paramValue":8,"source":"manual","step":null}},"type":"parameter_msg"}
{"payload":{"local_timestamp":1676474062327,"param":{"paramName":"anchor_t","paramValue":4.0,"source":"manual","step":null}},"type":"parameter_msg"}
{"payload":{"local_timestamp":1676474062327,"param":{"paramName":"box","paramValue":0.05,"source":"manual","step":null}},"type":"parameter_msg"}
{"payload":{"local_timestamp":1676474062327,"param":{"paramName":"cls","paramValue":0.5,"source":"manual","step":null}},"type":"parameter_msg"}
{"payload":{"local_timestamp":1676474062327,"param":{"paramName":"cls_pw","paramValue":1.0,"source":"manual","step":null}},"type":"parameter_msg"}
{"payload":{"local_timestamp":1676474062327,"param":{"paramName":"copy_paste","paramValue":0.0,"source":"manual","step":null}},"type":"parameter_msg"}
{"payload":{"local_timestamp":1676474062327,"param":{"paramName":"degrees","paramValue":0.0,"source":"manual","step":null}},"type":"parameter_msg"}
{"payload":{"local_timestamp":1676474062327,"param":{"paramName":"fl_gamma","paramValue":0.0,"source":"manual","step":null}},"type":"parameter_msg"}
{"payload":{"local_timestamp":1676474062327,"param":{"paramName":"fliplr","paramValue":0.5,"source":"manual","step":null}},"type":"parameter_msg"}
{"payload":{"local_timestamp":1676474062327,"param":{"paramName":"flipud","paramValue":0.0,"source":"manual","step":null}},"type":"parameter_msg"}
{"payload":{"local_timestamp":1676474062327,"param":{"paramName":"hsv_h","paramValue":0.015,"source":"manual","step":null}},"type":"parameter_msg"}
{"payload":{"local_timestamp":1676474062327,"param":{"paramName":"hsv_s","paramValue":0.7,"source":"manual","step":null}},"type":"parameter_msg"}
{"payload":{"local_timestamp":1676474062327,"param":{"paramName":"hsv_v","paramValue":0.4,"source":"manual","step":null}},"type":"parameter_msg"}
{"payload":{"local_timestamp":1676474062327,"param":{"paramName":"iou_t","paramValue":0.2,"source":"manual","step":null}},"type":"parameter_msg"}
{"payload":{"local_timestamp":1676474062327,"param":{"paramName":"lr0","paramValue":0.01,"source":"manual","step":null}},"type":"parameter_msg"}
{"payload":{"local_timestamp":1676474062327,"param":{"paramName":"lrf","paramValue":0.01,"source":"manual","step":null}},"type":"parameter_msg"}
{"payload":{"local_timestamp":1676474062327,"param":{"paramName":"mixup","paramValue":0.0,"source":"manual","step":null}},"type":"parameter_msg"}
{"payload":{"local_timestamp":1676474062327,"param":{"paramName":"momentum","paramValue":0.937,"source":"manual","step":null}},"type":"parameter_msg"}
{"payload":{"local_timestamp":1676474062327,"param":{"paramName":"mosaic","paramValue":1.0,"source":"manual","step":null}},"type":"parameter_msg"}
{"payload":{"local_timestamp":1676474062327,"param":{"paramName":"obj","paramValue":1.0,"source":"manual","step":null}},"type":"parameter_msg"}
{"payload":{"local_timestamp":1676474062327,"param":{"paramName":"obj_pw","paramValue":1.0,"source":"manual","step":null}},"type":"parameter_msg"}
{"payload":{"local_timestamp":1676474062327,"param":{"paramName":"perspective","paramValue":0.0,"source":"manual","step":null}},"type":"parameter_msg"}
{"payload":{"local_timestamp":1676474062327,"param":{"paramName":"scale","paramValue":0.5,"source":"manual","step":null}},"type":"parameter_msg"}
{"payload":{"local_timestamp":1676474062327,"param":{"paramName":"shear","paramValue":0.0,"source":"manual","step":null}},"type":"parameter_msg"}
{"payload":{"local_timestamp":1676474062327,"param":{"paramName":"translate","paramValue":0.1,"source":"manual","step":null}},"type":"parameter_msg"}
{"payload":{"local_timestamp":1676474062327,"param":{"paramName":"warmup_bias_lr","paramValue":0.1,"source":"manual","step":null}},"type":"parameter_msg"}
{"payload":{"local_timestamp":1676474062327,"param":{"paramName":"warmup_epochs","paramValue":3.0,"source":"manual","step":null}},"type":"parameter_msg"}
{"payload":{"local_timestamp":1676474062327,"param":{"paramName":"warmup_momentum","paramValue":0.8,"source":"manual","step":null}},"type":"parameter_msg"}
{"payload":{"local_timestamp":1676474062327,"param":{"paramName":"weight_decay","paramValue":0.0005,"source":"manual","step":null}},"type":"parameter_msg"}
{"payload":{"additional_params":{"assetId":"e89820094ff440d5896d64021b80e2d1","context":null,"epoch":null,"extension":"json","fileName":"hyperparameters.json","overwrite":false,"runId":null,"step":null},"clean":true,"file_path":"tmpu83wk51k","local_timestamp":1676474062327,"metadata":{"type":"hyp-config-file"},"upload_type":"asset"},"type":"file_upload"}
{"payload":{"additional_params":{"assetId":"e3169fdffd50440893ed08d4da0006d9","context":null,"extension":"yaml","fileName":"opt.yaml","overwrite":false,"runId":null,"step":null},"clean":true,"file_path":"tmpho1g3dum","local_timestamp":1676474062333,"metadata":{"type":"opt-config-file"},"upload_type":"asset"},"type":"file_upload"}
{"payload":{"local_timestamp":1676474062334,"param":{"paramName":"val_conf_threshold","paramValue":0.001,"source":"manual","step":null}},"type":"parameter_msg"}
{"payload":{"local_timestamp":1676474062334,"param":{"paramName":"val_iou_threshold","paramValue":0.6,"source":"manual","step":null}},"type":"parameter_msg"}
{"payload":{"local_timestamp":1676474062334,"log_other":{"key":"comet_mode","val":"online"}},"type":"ws_msg"}
{"payload":{"local_timestamp":1676474062334,"log_other":{"key":"comet_max_image_uploads","val":100}},"type":"ws_msg"}
{"payload":{"local_timestamp":1676474062334,"log_other":{"key":"comet_log_per_class_metrics","val":false}},"type":"ws_msg"}
{"payload":{"local_timestamp":1676474062334,"log_other":{"key":"comet_log_batch_metrics","val":false}},"type":"ws_msg"}
{"payload":{"local_timestamp":1676474062334,"log_other":{"key":"comet_log_confusion_matrix","val":true}},"type":"ws_msg"}
{"payload":{"local_timestamp":1676474062334,"log_other":{"key":"comet_model_name","val":"yolov5"}},"type":"ws_msg"}
{"payload":{"local_timestamp":1676474063229,"stderr":true,"stdout":"Traceback (most recent call last):\n"},"type":"ws_msg"}
{"payload":{"local_timestamp":1676474063229,"stderr":true,"stdout":"  File \"train.py\", line 640, in <module>\n"},"type":"ws_msg"}
{"payload":{"local_timestamp":1676474063229,"stderr":true,"stdout":"    "},"type":"ws_msg"}
{"payload":{"local_timestamp":1676474063229,"stderr":true,"stdout":"main(opt)"},"type":"ws_msg"}
{"payload":{"local_timestamp":1676474063229,"stderr":true,"stdout":"\n"},"type":"ws_msg"}
{"payload":{"local_timestamp":1676474063229,"stderr":true,"stdout":"  File \"train.py\", line 529, in main\n"},"type":"ws_msg"}
{"payload":{"local_timestamp":1676474063229,"stderr":true,"stdout":"    "},"type":"ws_msg"}
{"payload":{"local_timestamp":1676474063229,"stderr":true,"stdout":"train(opt.hyp, opt, device, callbacks)"},"type":"ws_msg"}
{"payload":{"local_timestamp":1676474063229,"stderr":true,"stdout":"\n"},"type":"ws_msg"}
{"payload":{"local_timestamp":1676474063229,"stderr":true,"stdout":"  File \"train.py\", line 124, in train\n"},"type":"ws_msg"}
{"payload":{"local_timestamp":1676474063229,"stderr":true,"stdout":"    "},"type":"ws_msg"}
{"payload":{"local_timestamp":1676474063229,"stderr":true,"stdout":"ckpt = torch.load(weights, map_location='cpu')  # load checkpoint to CPU to avoid CUDA memory leak"},"type":"ws_msg"}
{"payload":{"local_timestamp":1676474063229,"stderr":true,"stdout":"\n"},"type":"ws_msg"}
{"payload":{"local_timestamp":1676474063229,"stderr":true,"stdout":"  File \"D:\\Program Files\\Anaconda\\envs\\yolo_py37\\lib\\site-packages\\torch\\serialization.py\", line 771, in load\n"},"type":"ws_msg"}
{"payload":{"local_timestamp":1676474063229,"stderr":true,"stdout":"    "},"type":"ws_msg"}
{"payload":{"local_timestamp":1676474063229,"stderr":true,"stdout":"with _open_file_like(f, 'rb') as opened_file:"},"type":"ws_msg"}
{"payload":{"local_timestamp":1676474063229,"stderr":true,"stdout":"\n"},"type":"ws_msg"}
{"payload":{"local_timestamp":1676474063229,"stderr":true,"stdout":"  File \"D:\\Program Files\\Anaconda\\envs\\yolo_py37\\lib\\site-packages\\torch\\serialization.py\", line 270, in _open_file_like\n"},"type":"ws_msg"}
{"payload":{"local_timestamp":1676474063229,"stderr":true,"stdout":"    "},"type":"ws_msg"}
{"payload":{"local_timestamp":1676474063229,"stderr":true,"stdout":"return _open_file(name_or_buffer, mode)"},"type":"ws_msg"}
{"payload":{"local_timestamp":1676474063229,"stderr":true,"stdout":"\n"},"type":"ws_msg"}
{"payload":{"local_timestamp":1676474063229,"stderr":true,"stdout":"  File \"D:\\Program Files\\Anaconda\\envs\\yolo_py37\\lib\\site-packages\\torch\\serialization.py\", line 251, in __init__\n"},"type":"ws_msg"}
{"payload":{"local_timestamp":1676474063229,"stderr":true,"stdout":"    "},"type":"ws_msg"}
{"payload":{"local_timestamp":1676474063229,"stderr":true,"stdout":"super(_open_file, self).__init__(open(name, mode))"},"type":"ws_msg"}
{"payload":{"local_timestamp":1676474063229,"stderr":true,"stdout":"\n"},"type":"ws_msg"}
{"payload":{"local_timestamp":1676474063229,"stderr":true,"stdout":"FileNotFoundError"},"type":"ws_msg"}
{"payload":{"local_timestamp":1676474063229,"stderr":true,"stdout":": "},"type":"ws_msg"}
{"payload":{"local_timestamp":1676474063229,"stderr":true,"stdout":"[Errno 2] No such file or directory: 'yolo5s.pt'"},"type":"ws_msg"}
{"payload":{"local_timestamp":1676474063229,"stderr":true,"stdout":"\n"},"type":"ws_msg"}
{"payload":{"additional_params":{"assetId":"273d897bbac647908e089aab5eb86b51","context":null,"epoch":null,"extension":"yml","fileName":"conda-environment.yml","overwrite":false,"runId":null,"step":null,"type":"conda-environment-definition"},"clean":true,"file_path":"tmpzq0qdm4_","local_timestamp":1676474066620,"metadata":{},"upload_type":"conda-environment-definition"},"type":"file_upload"}
{"payload":{"additional_params":{"assetId":"df06f81738e3416b8fad0eed9da8a21c","context":null,"epoch":null,"extension":"txt","fileName":"conda-spec.txt","overwrite":false,"runId":null,"step":null,"type":"conda-specification"},"clean":true,"file_path":"tmp3zp99wqo","local_timestamp":1676474067331,"metadata":{},"upload_type":"conda-specification"},"type":"file_upload"}
{"payload":{"additional_params":{"assetId":"9a3bf5d3ecaa436e89b802f549528c7a","context":null,"epoch":null,"extension":"yml","fileName":"conda-info.yml","overwrite":false,"runId":null,"step":null,"type":"conda-info"},"clean":true,"file_path":"tmp3he79t0f","local_timestamp":1676474068233,"metadata":{},"upload_type":"conda-info"},"type":"file_upload"}
{"payload":{"local_timestamp":1676474068233,"stderr":true,"stdout":"COMET INFO: ----------------------------------\n"},"type":"ws_msg"}
{"payload":{"local_timestamp":1676474068233,"stderr":true,"stdout":"COMET INFO: Comet.ml OfflineExperiment Summary\n"},"type":"ws_msg"}
{"payload":{"local_timestamp":1676474068233,"stderr":true,"stdout":"COMET INFO: ----------------------------------\n"},"type":"ws_msg"}
{"payload":{"local_timestamp":1676474068233,"stderr":true,"stdout":"COMET INFO:   Data:\n"},"type":"ws_msg"}
{"payload":{"local_timestamp":1676474068233,"stderr":true,"stdout":"COMET INFO:     display_summary_level : 1\n"},"type":"ws_msg"}
{"payload":{"local_timestamp":1676474068233,"stderr":true,"stdout":"COMET INFO:     url                   : [OfflineExperiment will get URL after upload]\n"},"type":"ws_msg"}
{"payload":{"local_timestamp":1676474068233,"stderr":true,"stdout":"COMET INFO:   Others:\n"},"type":"ws_msg"}
{"payload":{"local_timestamp":1676474068233,"stderr":true,"stdout":"COMET INFO:     Created from                : YOLOv5\n"},"type":"ws_msg"}
{"payload":{"local_timestamp":1676474068233,"stderr":true,"stdout":"COMET INFO:     comet_log_batch_metrics     : False\n"},"type":"ws_msg"}
{"payload":{"local_timestamp":1676474068233,"stderr":true,"stdout":"COMET INFO:     comet_log_confusion_matrix  : True\n"},"type":"ws_msg"}
{"payload":{"local_timestamp":1676474068233,"stderr":true,"stdout":"COMET INFO:     comet_log_per_class_metrics : False\n"},"type":"ws_msg"}
{"payload":{"local_timestamp":1676474068233,"stderr":true,"stdout":"COMET INFO:     comet_max_image_uploads     : 100\n"},"type":"ws_msg"}
{"payload":{"local_timestamp":1676474068233,"stderr":true,"stdout":"COMET INFO:     comet_mode                  : online\n"},"type":"ws_msg"}
{"payload":{"local_timestamp":1676474068233,"stderr":true,"stdout":"COMET INFO:     comet_model_name            : yolov5\n"},"type":"ws_msg"}
{"payload":{"local_timestamp":1676474068233,"stderr":true,"stdout":"COMET INFO:     offline_experiment          : True\n"},"type":"ws_msg"}
{"payload":{"local_timestamp":1676474068233,"stderr":true,"stdout":"COMET INFO:   Parameters:\n"},"type":"ws_msg"}
{"payload":{"local_timestamp":1676474068233,"stderr":true,"stdout":"COMET INFO:     anchor_t           : 4.0\n"},"type":"ws_msg"}
{"payload":{"local_timestamp":1676474068233,"stderr":true,"stdout":"COMET INFO:     artifact_alias     : latest\n"},"type":"ws_msg"}
{"payload":{"local_timestamp":1676474068233,"stderr":true,"stdout":"COMET INFO:     batch_size         : 8\n"},"type":"ws_msg"}
{"payload":{"local_timestamp":1676474068233,"stderr":true,"stdout":"COMET INFO:     bbox_interval      : -1\n"},"type":"ws_msg"}
{"payload":{"local_timestamp":1676474068233,"stderr":true,"stdout":"COMET INFO:     box                : 0.05\n"},"type":"ws_msg"}
{"payload":{"local_timestamp":1676474068233,"stderr":true,"stdout":"COMET INFO:     bucket             : \n"},"type":"ws_msg"}
{"payload":{"local_timestamp":1676474068233,"stderr":true,"stdout":"COMET INFO:     cache              : 1\n"},"type":"ws_msg"}
{"payload":{"local_timestamp":1676474068233,"stderr":true,"stdout":"COMET INFO:     cls                : 0.5\n"},"type":"ws_msg"}
{"payload":{"local_timestamp":1676474068233,"stderr":true,"stdout":"COMET INFO:     cls_pw             : 1.0\n"},"type":"ws_msg"}
{"payload":{"local_timestamp":1676474068233,"stderr":true,"stdout":"COMET INFO:     copy_paste         : 0.0\n"},"type":"ws_msg"}
{"payload":{"local_timestamp":1676474068233,"stderr":true,"stdout":"COMET INFO:     cos_lr             : False\n"},"type":"ws_msg"}
{"payload":{"local_timestamp":1676474068233,"stderr":true,"stdout":"COMET INFO:     degrees            : 0.0\n"},"type":"ws_msg"}
{"payload":{"local_timestamp":1676474068233,"stderr":true,"stdout":"COMET INFO:     device             : 0\n"},"type":"ws_msg"}
{"payload":{"local_timestamp":1676474068233,"stderr":true,"stdout":"COMET INFO:     entity             : 1\n"},"type":"ws_msg"}
{"payload":{"local_timestamp":1676474068233,"stderr":true,"stdout":"COMET INFO:     evolve             : 1\n"},"type":"ws_msg"}
{"payload":{"local_timestamp":1676474068233,"stderr":true,"stdout":"COMET INFO:     exist_ok           : False\n"},"type":"ws_msg"}
{"payload":{"local_timestamp":1676474068233,"stderr":true,"stdout":"COMET INFO:     fl_gamma           : 0.0\n"},"type":"ws_msg"}
{"payload":{"local_timestamp":1676474068233,"stderr":true,"stdout":"COMET INFO:     fliplr             : 0.5\n"},"type":"ws_msg"}
{"payload":{"local_timestamp":1676474068233,"stderr":true,"stdout":"COMET INFO:     flipud             : 0.0\n"},"type":"ws_msg"}
{"payload":{"local_timestamp":1676474068233,"stderr":true,"stdout":"COMET INFO:     freeze             : [0]\n"},"type":"ws_msg"}
{"payload":{"local_timestamp":1676474068233,"stderr":true,"stdout":"COMET INFO:     hsv_h              : 0.015\n"},"type":"ws_msg"}
{"payload":{"local_timestamp":1676474068233,"stderr":true,"stdout":"COMET INFO:     hsv_s              : 0.7\n"},"type":"ws_msg"}
{"payload":{"local_timestamp":1676474068233,"stderr":true,"stdout":"COMET INFO:     hsv_v              : 0.4\n"},"type":"ws_msg"}
{"payload":{"local_timestamp":1676474068233,"stderr":true,"stdout":"COMET INFO:     hyp                : {\"anchor_t\": 4.0, \"box\": 0.05, \"cls\": 0.5, \"cls_pw\": 1.0, \"copy_paste\": 0.0, \"degrees\": 0.0, \"fl_gamma\": 0.0, \"fliplr\": 0.5, \"flipud\": 0.0, \"hsv_h\": 0.015, \"hsv_s\": 0.7, \"hsv_v\": 0.4, \"iou_t\": 0.2, \"lr0\": 0.01, \"lrf\": 0.01, \"mixup\": 0.0, \"momentum\": 0.937, \"mosaic\": 1.0, \"obj\": 1.0, \"obj_pw\": 1.0, \"perspective\": 0.0, \"scale\": 0.5, \"shear\": 0.0, \"translate\": 0.1, \"warmup_bias_lr\": 0.1, \"warmup_epochs\": 3.0, \"warmup_momentum\": 0.8, \"weight_decay\": 0.0005}\n"},"type":"ws_msg"}
{"payload":{"local_timestamp":1676474068233,"stderr":true,"stdout":"COMET INFO:     image_weights      : False\n"},"type":"ws_msg"}
{"payload":{"local_timestamp":1676474068249,"stderr":true,"stdout":"COMET INFO:     imgsz              : 640\n"},"type":"ws_msg"}
{"payload":{"local_timestamp":1676474068249,"stderr":true,"stdout":"COMET INFO:     iou_t              : 0.2\n"},"type":"ws_msg"}
{"payload":{"local_timestamp":1676474068249,"stderr":true,"stdout":"COMET INFO:     label_smoothing    : 0.0\n"},"type":"ws_msg"}
{"payload":{"local_timestamp":1676474068249,"stderr":true,"stdout":"COMET INFO:     local_rank         : -1\n"},"type":"ws_msg"}
{"payload":{"local_timestamp":1676474068249,"stderr":true,"stdout":"COMET INFO:     lr0                : 0.01\n"},"type":"ws_msg"}
{"payload":{"local_timestamp":1676474068249,"stderr":true,"stdout":"COMET INFO:     lrf                : 0.01\n"},"type":"ws_msg"}
{"payload":{"local_timestamp":1676474068249,"stderr":true,"stdout":"COMET INFO:     mixup              : 0.0\n"},"type":"ws_msg"}
{"payload":{"local_timestamp":1676474068249,"stderr":true,"stdout":"COMET INFO:     momentum           : 0.937\n"},"type":"ws_msg"}
{"payload":{"local_timestamp":1676474068249,"stderr":true,"stdout":"COMET INFO:     mosaic             : 1.0\n"},"type":"ws_msg"}
{"payload":{"local_timestamp":1676474068249,"stderr":true,"stdout":"COMET INFO:     multi_scale        : False\n"},"type":"ws_msg"}
{"payload":{"local_timestamp":1676474068249,"stderr":true,"stdout":"COMET INFO:     name               : exp\n"},"type":"ws_msg"}
{"payload":{"local_timestamp":1676474068249,"stderr":true,"stdout":"COMET INFO:     noautoanchor       : False\n"},"type":"ws_msg"}
{"payload":{"local_timestamp":1676474068249,"stderr":true,"stdout":"COMET INFO:     noplots            : False\n"},"type":"ws_msg"}
{"payload":{"local_timestamp":1676474068249,"stderr":true,"stdout":"COMET INFO:     nosave             : False\n"},"type":"ws_msg"}
{"payload":{"local_timestamp":1676474068249,"stderr":true,"stdout":"COMET INFO:     noval              : False\n"},"type":"ws_msg"}
{"payload":{"local_timestamp":1676474068249,"stderr":true,"stdout":"COMET INFO:     obj                : 1.0\n"},"type":"ws_msg"}
{"payload":{"local_timestamp":1676474068249,"stderr":true,"stdout":"COMET INFO:     obj_pw             : 1.0\n"},"type":"ws_msg"}
{"payload":{"local_timestamp":1676474068249,"stderr":true,"stdout":"COMET INFO:     optimizer          : SGD\n"},"type":"ws_msg"}
{"payload":{"local_timestamp":1676474068249,"stderr":true,"stdout":"COMET INFO:     patience           : 100\n"},"type":"ws_msg"}
{"payload":{"local_timestamp":1676474068249,"stderr":true,"stdout":"COMET INFO:     perspective        : 0.0\n"},"type":"ws_msg"}
{"payload":{"local_timestamp":1676474068249,"stderr":true,"stdout":"COMET INFO:     project            : runs\\train\n"},"type":"ws_msg"}
{"payload":{"local_timestamp":1676474068249,"stderr":true,"stdout":"COMET INFO:     quad               : False\n"},"type":"ws_msg"}
{"payload":{"local_timestamp":1676474068249,"stderr":true,"stdout":"COMET INFO:     rect               : False\n"},"type":"ws_msg"}
{"payload":{"local_timestamp":1676474068249,"stderr":true,"stdout":"COMET INFO:     resume             : False\n"},"type":"ws_msg"}
{"payload":{"local_timestamp":1676474068249,"stderr":true,"stdout":"COMET INFO:     save_dir           : runs\\train\\exp6\n"},"type":"ws_msg"}
{"payload":{"local_timestamp":1676474068249,"stderr":true,"stdout":"COMET INFO:     save_period        : -1\n"},"type":"ws_msg"}
{"payload":{"local_timestamp":1676474068249,"stderr":true,"stdout":"COMET INFO:     scale              : 0.5\n"},"type":"ws_msg"}
{"payload":{"local_timestamp":1676474068249,"stderr":true,"stdout":"COMET INFO:     seed               : 0\n"},"type":"ws_msg"}
{"payload":{"local_timestamp":1676474068249,"stderr":true,"stdout":"COMET INFO:     shear              : 0.0\n"},"type":"ws_msg"}
{"payload":{"local_timestamp":1676474068249,"stderr":true,"stdout":"COMET INFO:     single_cls         : False\n"},"type":"ws_msg"}
{"payload":{"local_timestamp":1676474068249,"stderr":true,"stdout":"COMET INFO:     sync_bn            : False\n"},"type":"ws_msg"}
{"payload":{"local_timestamp":1676474068249,"stderr":true,"stdout":"COMET INFO:     translate          : 0.1\n"},"type":"ws_msg"}
{"payload":{"local_timestamp":1676474068249,"stderr":true,"stdout":"COMET INFO:     upload_dataset     : False\n"},"type":"ws_msg"}
{"payload":{"local_timestamp":1676474068249,"stderr":true,"stdout":"COMET INFO:     val_conf_threshold : 0.001\n"},"type":"ws_msg"}
{"payload":{"local_timestamp":1676474068249,"stderr":true,"stdout":"COMET INFO:     val_iou_threshold  : 0.6\n"},"type":"ws_msg"}
{"payload":{"local_timestamp":1676474068249,"stderr":true,"stdout":"COMET INFO:     warmup_bias_lr     : 0.1\n"},"type":"ws_msg"}
{"payload":{"local_timestamp":1676474068249,"stderr":true,"stdout":"COMET INFO:     warmup_epochs      : 3.0\n"},"type":"ws_msg"}
{"payload":{"local_timestamp":1676474068249,"stderr":true,"stdout":"COMET INFO:     warmup_momentum    : 0.8\n"},"type":"ws_msg"}
{"payload":{"local_timestamp":1676474068249,"stderr":true,"stdout":"COMET INFO:     weight_decay       : 0.0005\n"},"type":"ws_msg"}
{"payload":{"local_timestamp":1676474068249,"stderr":true,"stdout":"COMET INFO:     workers            : 8\n"},"type":"ws_msg"}
{"payload":{"local_timestamp":1676474068249,"stderr":true,"stdout":"COMET INFO:   Uploads:\n"},"type":"ws_msg"}
{"payload":{"local_timestamp":1676474068249,"stderr":true,"stdout":"COMET INFO:     asset                        : 3 (1.27 KB)\n"},"type":"ws_msg"}
{"payload":{"local_timestamp":1676474068249,"stderr":true,"stdout":"COMET INFO:     conda-environment-definition : 1\n"},"type":"ws_msg"}
{"payload":{"local_timestamp":1676474068249,"stderr":true,"stdout":"COMET INFO:     conda-info                   : 1\n"},"type":"ws_msg"}
{"payload":{"local_timestamp":1676474068249,"stderr":true,"stdout":"COMET INFO:     conda-specification          : 1\n"},"type":"ws_msg"}
{"payload":{"local_timestamp":1676474068249,"stderr":true,"stdout":"COMET INFO:     environment details          : 1\n"},"type":"ws_msg"}
{"payload":{"local_timestamp":1676474068249,"stderr":true,"stdout":"COMET INFO:     installed packages           : 1\n"},"type":"ws_msg"}
{"payload":{"local_timestamp":1676474068249,"stderr":true,"stdout":"COMET INFO: ----------------------------------\n"},"type":"ws_msg"}
{"payload":{"local_timestamp":1676474068249,"stderr":true,"stdout":"COMET WARNING: Experiment Name is generated at upload time for Offline Experiments unless set explicitly with Experiment.set_name\n"},"type":"ws_msg"}
{"payload":{"local_timestamp":1676474068249,"stderr":true,"stdout":"COMET WARNING: Comet has disabled auto-logging functionality as it has been imported after the following ML modules: tensorboard, torch. Metrics and hyperparameters can still be logged using Experiment.log_metrics() and Experiment.log_parameters()\n"},"type":"ws_msg"}
{"payload":{"local_timestamp":1676474068249,"log_other":{"key":"sys.already_imported_modules","val":"[\"tensorboard\", \"torch\"]"}},"type":"ws_msg"}
