{"payload":{"installed_packages":["absl-py==1.3.0","astunparse==1.6.3","attrs==22.2.0","automat==22.10.0","automium-web==0.1.1","automium==0.2.6","autopy==4.0.0","backcall==0.2.0","cachetools==5.2.1","certifi==2022.12.7","charset-normalizer==2.1.1","click==8.1.3","colorama==0.4.6","comet-ml==3.32.1","common-model==0.5.2","configobj==5.0.8","constantly==15.1.0","construct==2.10.68","cycler==0.11.0","decorator==5.1.1","dulwich==0.21.2","everett==3.1.0","export==0.1.2","flask==2.2.2","flatbuffers==23.1.4","fonttools==4.38.0","gast==0.4.0","gitdb==4.0.10","gitpython==3.1.30","google-auth-oauthlib==0.4.6","google-auth==2.16.0","google-pasta==0.2.0","grpcio==1.51.1","h5py==3.7.0","hyperlink==21.0.0","idna==3.4","importlib-metadata==6.0.0","importlib-resources==5.10.2","incremental==22.10.0","ipython==7.34.0","itsdangerous==2.1.2","jedi==0.18.2","jinja2==3.1.2","jsonschema==4.17.3","keras==2.11.0","kiwisolver==1.4.4","labelimg==1.8.6","legacy==0.1.6","libclang==15.0.6.1","lxml==4.9.2","markdown==3.4.1","markupsafe==2.1.1","matplotlib-inline==0.1.6","matplotlib==3.5.3","mediapipe==0.9.0.1","numpy==1.21.6","oauthlib==3.2.2","opencv-contrib-python==4.7.0.68","opencv-python==4.7.0.68","opt-einsum==3.3.0","packaging==23.0","pandas==1.3.5","parso==0.8.3","pickleshare==0.7.5","pillow==9.4.0","pip==22.3.1","pkgutil-resolve-name==1.3.10","ply==3.11","prompt-toolkit==3.0.36","protobuf==3.19.6","psutil==5.9.4","pyasn1-modules==0.2.8","pyasn1==0.4.8","pycryptodomex==3.16.0","pydantic==1.10.4","pygments==2.14.0","pyparsing==3.0.9","pyqt5-qt5==5.15.2","pyqt5-sip==12.11.1","pyqt5==5.15.9","pyrsistent==0.19.3","pysmi==0.3.4","pysnmp==4.4.12","python-box==6.1.0","python-dateutil==2.8.2","python-opencv==1.0.0.14","pytz==2022.7","pywin32==305","pyyaml==6.0","requests-oauthlib==1.3.1","requests-toolbelt==0.10.1","requests==2.28.1","rsa==4.9","scipy==1.7.3","seaborn==0.12.2","semantic-version==2.10.0","sentry-sdk==1.15.0","setuptools==65.6.3","simplejson==3.18.3","six==1.16.0","smmap==5.0.0","tensor==0.3.6","tensorboard-data-server==0.6.1","tensorboard-plugin-wit==1.8.1","tensorboard==2.11.0","tensorflow-estimator==2.11.0","tensorflow-intel==2.11.0","tensorflow-io-gcs-filesystem==0.29.0","tensorflow==2.11.0","termcolor==2.2.0","thop==0.1.1.post2209072238","torch==1.13.1+cu116","torchaudio==0.13.1+cu116","torchvision==0.14.1+cu116","tqdm==4.64.1","traitlets==5.8.1","twisted-iocpsupport==1.0.2","twisted==22.10.0","typing-extensions==4.4.0","urllib3==1.26.13","wcwidth==0.2.5","websocket-client==1.3.3","werkzeug==2.2.2","wheel==0.38.4","wincertstore==0.2","wrapt==1.14.1","wurlitzer==3.0.3","zipp==3.11.0","zope.interface==5.5.2"],"local_timestamp":1676474082688},"type":"ws_msg"}
{"payload":{"env_details":{"command":["train.py","--img","640","--batch","8","--epochs","50","--data","./data/coco128.yaml","--cfg","./models/yolov5s.yaml","--weights","yolov5s.pt"],"env":null,"hostname":"mark","ip":"192.168.1.4","machine":"AMD64","os":"Windows-10-10.0.22621-SP0","os_release":"10","os_type":"Windows","pid":20936,"processor":"AMD64 Family 25 Model 80 Stepping 0, AuthenticAMD","python_exe":"D:\\Program Files\\Anaconda\\envs\\yolo_py37\\python.exe","python_version":"3.7.15","python_version_verbose":"3.7.15 (default, Nov 24 2022, 18:44:54) [MSC v.1916 64 bit (AMD64)]","user":"27701"},"local_timestamp":1676474082694},"type":"ws_msg"}
{"payload":{"gpu_static_info":[{"gpu_index":0,"name":"NVIDIA GeForce RTX 3060 Laptop GPU","power_limit":null,"total_memory":6442450944,"uuid":"GPU-37fc2901-6b71-4849-97f8-e1953fbbc22a"}],"local_timestamp":1676474082725},"type":"ws_msg"}
{"payload":{"local_timestamp":1676474082733,"metric":{"epoch":null,"metricName":"sys.gpu.0.total_memory","metricValue":6442450944,"step":null}},"type":"metric_msg"}
{"payload":{"local_timestamp":1676474082914,"param":{"paramName":"img","paramValue":640,"source":"cli","step":null}},"type":"parameter_msg"}
{"payload":{"local_timestamp":1676474082914,"param":{"paramName":"batch","paramValue":8,"source":"cli","step":null}},"type":"parameter_msg"}
{"payload":{"local_timestamp":1676474082914,"param":{"paramName":"epochs","paramValue":50,"source":"cli","step":null}},"type":"parameter_msg"}
{"payload":{"local_timestamp":1676474082914,"param":{"paramName":"data","paramValue":"./data/coco128.yaml","source":"cli","step":null}},"type":"parameter_msg"}
{"payload":{"local_timestamp":1676474082914,"param":{"paramName":"cfg","paramValue":"./models/yolov5s.yaml","source":"cli","step":null}},"type":"parameter_msg"}
{"payload":{"local_timestamp":1676474082914,"param":{"paramName":"weights","paramValue":"yolov5s.pt","source":"cli","step":null}},"type":"parameter_msg"}
{"payload":{"local_timestamp":1676474082916,"metric":{"epoch":null,"metricName":"sys.cpu.percent.avg","metricValue":2.15625,"step":null}},"type":"metric_msg"}
{"payload":{"local_timestamp":1676474082916,"metric":{"epoch":null,"metricName":"sys.cpu.percent.01","metricValue":5.5,"step":null}},"type":"metric_msg"}
{"payload":{"local_timestamp":1676474082916,"metric":{"epoch":null,"metricName":"sys.cpu.percent.02","metricValue":1.5,"step":null}},"type":"metric_msg"}
{"payload":{"local_timestamp":1676474082916,"metric":{"epoch":null,"metricName":"sys.cpu.percent.03","metricValue":0.0,"step":null}},"type":"metric_msg"}
{"payload":{"local_timestamp":1676474082916,"metric":{"epoch":null,"metricName":"sys.cpu.percent.04","metricValue":0.0,"step":null}},"type":"metric_msg"}
{"payload":{"local_timestamp":1676474082916,"metric":{"epoch":null,"metricName":"sys.cpu.percent.05","metricValue":0.0,"step":null}},"type":"metric_msg"}
{"payload":{"local_timestamp":1676474082916,"metric":{"epoch":null,"metricName":"sys.cpu.percent.06","metricValue":0.0,"step":null}},"type":"metric_msg"}
{"payload":{"local_timestamp":1676474082916,"metric":{"epoch":null,"metricName":"sys.cpu.percent.07","metricValue":1.5,"step":null}},"type":"metric_msg"}
{"payload":{"local_timestamp":1676474082916,"metric":{"epoch":null,"metricName":"sys.cpu.percent.08","metricValue":8.0,"step":null}},"type":"metric_msg"}
{"payload":{"local_timestamp":1676474082916,"metric":{"epoch":null,"metricName":"sys.cpu.percent.09","metricValue":2.0,"step":null}},"type":"metric_msg"}
{"payload":{"local_timestamp":1676474082916,"metric":{"epoch":null,"metricName":"sys.cpu.percent.10","metricValue":10.0,"step":null}},"type":"metric_msg"}
{"payload":{"local_timestamp":1676474082916,"metric":{"epoch":null,"metricName":"sys.cpu.percent.11","metricValue":0.5,"step":null}},"type":"metric_msg"}
{"payload":{"local_timestamp":1676474082916,"metric":{"epoch":null,"metricName":"sys.cpu.percent.12","metricValue":0.0,"step":null}},"type":"metric_msg"}
{"payload":{"local_timestamp":1676474082916,"metric":{"epoch":null,"metricName":"sys.cpu.percent.13","metricValue":1.5,"step":null}},"type":"metric_msg"}
{"payload":{"local_timestamp":1676474082916,"metric":{"epoch":null,"metricName":"sys.cpu.percent.14","metricValue":1.0,"step":null}},"type":"metric_msg"}
{"payload":{"local_timestamp":1676474082916,"metric":{"epoch":null,"metricName":"sys.cpu.percent.15","metricValue":0.0,"step":null}},"type":"metric_msg"}
{"payload":{"local_timestamp":1676474082916,"metric":{"epoch":null,"metricName":"sys.cpu.percent.16","metricValue":3.0,"step":null}},"type":"metric_msg"}
{"payload":{"local_timestamp":1676474082916,"metric":{"epoch":null,"metricName":"sys.load.avg","metricValue":0.0,"step":null}},"type":"metric_msg"}
{"payload":{"local_timestamp":1676474082916,"metric":{"epoch":null,"metricName":"sys.ram.total","metricValue":17008422912,"step":null}},"type":"metric_msg"}
{"payload":{"local_timestamp":1676474082916,"metric":{"epoch":null,"metricName":"sys.ram.used","metricValue":7952596992,"step":null}},"type":"metric_msg"}
{"payload":{"local_timestamp":1676474082916,"log_other":{"key":"offline_experiment","val":true}},"type":"ws_msg"}
{"payload":{"additional_params":{"assetId":"21825c51ec8a45af8e8e32c18ee34fc6","context":null,"extension":"yaml","fileName":"coco128.yaml","overwrite":false,"runId":null,"step":null},"clean":true,"file_path":"tmp7t3cj9hd","local_timestamp":1676474082918,"metadata":{"type":"data-config-file"},"upload_type":"asset"},"type":"file_upload"}
{"payload":{"local_timestamp":1676474082920,"metric":{"epoch":null,"metricName":"sys.gpu.0.free_memory","metricValue":5814534144,"step":null}},"type":"metric_msg"}
{"payload":{"local_timestamp":1676474082920,"metric":{"epoch":null,"metricName":"sys.gpu.0.gpu_utilization","metricValue":5,"step":null}},"type":"metric_msg"}
{"payload":{"local_timestamp":1676474082920,"metric":{"epoch":null,"metricName":"sys.gpu.0.power_usage","metricValue":12271,"step":null}},"type":"metric_msg"}
{"payload":{"local_timestamp":1676474082920,"metric":{"epoch":null,"metricName":"sys.gpu.0.temperature","metricValue":33,"step":null}},"type":"metric_msg"}
{"payload":{"local_timestamp":1676474082920,"metric":{"epoch":null,"metricName":"sys.gpu.0.used_memory","metricValue":627916800,"step":null}},"type":"metric_msg"}
{"payload":{"local_timestamp":1676474082921,"log_other":{"key":"Created from","val":"YOLOv5"}},"type":"ws_msg"}
{"payload":{"local_timestamp":1676474082921,"param":{"paramName":"artifact_alias","paramValue":"latest","source":"manual","step":null}},"type":"parameter_msg"}
{"payload":{"local_timestamp":1676474082921,"param":{"paramName":"batch_size","paramValue":8,"source":"manual","step":null}},"type":"parameter_msg"}
{"payload":{"local_timestamp":1676474082921,"param":{"paramName":"bbox_interval","paramValue":-1,"source":"manual","step":null}},"type":"parameter_msg"}
{"payload":{"local_timestamp":1676474082921,"param":{"paramName":"bucket","paramValue":"","source":"manual","step":null}},"type":"parameter_msg"}
{"payload":{"local_timestamp":1676474082921,"param":{"paramName":"cache","paramValue":null,"source":"manual","step":null}},"type":"parameter_msg"}
{"payload":{"local_timestamp":1676474082922,"param":{"paramName":"cos_lr","paramValue":false,"source":"manual","step":null}},"type":"parameter_msg"}
{"payload":{"local_timestamp":1676474082922,"param":{"paramName":"device","paramValue":"0","source":"manual","step":null}},"type":"parameter_msg"}
{"payload":{"local_timestamp":1676474082922,"param":{"paramName":"entity","paramValue":null,"source":"manual","step":null}},"type":"parameter_msg"}
{"payload":{"local_timestamp":1676474082922,"param":{"paramName":"evolve","paramValue":null,"source":"manual","step":null}},"type":"parameter_msg"}
{"payload":{"local_timestamp":1676474082922,"param":{"paramName":"exist_ok","paramValue":false,"source":"manual","step":null}},"type":"parameter_msg"}
{"payload":{"local_timestamp":1676474082922,"params":{"paramName":"freeze","paramValue":[0],"source":"manual","step":null}},"type":"parameter_msg"}
{"payload":{"local_timestamp":1676474082922,"param":{"paramName":"hyp","paramValue":"{\"anchor_t\": 4.0, \"box\": 0.05, \"cls\": 0.5, \"cls_pw\": 1.0, \"copy_paste\": 0.0, \"degrees\": 0.0, \"fl_gamma\": 0.0, \"fliplr\": 0.5, \"flipud\": 0.0, \"hsv_h\": 0.015, \"hsv_s\": 0.7, \"hsv_v\": 0.4, \"iou_t\": 0.2, \"lr0\": 0.01, \"lrf\": 0.01, \"mixup\": 0.0, \"momentum\": 0.937, \"mosaic\": 1.0, \"obj\": 1.0, \"obj_pw\": 1.0, \"perspective\": 0.0, \"scale\": 0.5, \"shear\": 0.0, \"translate\": 0.1, \"warmup_bias_lr\": 0.1, \"warmup_epochs\": 3.0, \"warmup_momentum\": 0.8, \"weight_decay\": 0.0005}","source":"manual","step":null}},"type":"parameter_msg"}
{"payload":{"local_timestamp":1676474082922,"param":{"paramName":"image_weights","paramValue":false,"source":"manual","step":null}},"type":"parameter_msg"}
{"payload":{"local_timestamp":1676474082922,"param":{"paramName":"imgsz","paramValue":640,"source":"manual","step":null}},"type":"parameter_msg"}
{"payload":{"local_timestamp":1676474082922,"param":{"paramName":"label_smoothing","paramValue":0.0,"source":"manual","step":null}},"type":"parameter_msg"}
{"payload":{"local_timestamp":1676474082922,"param":{"paramName":"local_rank","paramValue":-1,"source":"manual","step":null}},"type":"parameter_msg"}
{"payload":{"local_timestamp":1676474082922,"param":{"paramName":"multi_scale","paramValue":false,"source":"manual","step":null}},"type":"parameter_msg"}
{"payload":{"local_timestamp":1676474082922,"param":{"paramName":"name","paramValue":"exp","source":"manual","step":null}},"type":"parameter_msg"}
{"payload":{"local_timestamp":1676474082922,"param":{"paramName":"noautoanchor","paramValue":false,"source":"manual","step":null}},"type":"parameter_msg"}
{"payload":{"local_timestamp":1676474082922,"param":{"paramName":"noplots","paramValue":false,"source":"manual","step":null}},"type":"parameter_msg"}
{"payload":{"local_timestamp":1676474082922,"param":{"paramName":"nosave","paramValue":false,"source":"manual","step":null}},"type":"parameter_msg"}
{"payload":{"local_timestamp":1676474082922,"param":{"paramName":"noval","paramValue":false,"source":"manual","step":null}},"type":"parameter_msg"}
{"payload":{"local_timestamp":1676474082922,"param":{"paramName":"optimizer","paramValue":"SGD","source":"manual","step":null}},"type":"parameter_msg"}
{"payload":{"local_timestamp":1676474082922,"param":{"paramName":"patience","paramValue":100,"source":"manual","step":null}},"type":"parameter_msg"}
{"payload":{"local_timestamp":1676474082922,"param":{"paramName":"project","paramValue":"runs\\train","source":"manual","step":null}},"type":"parameter_msg"}
{"payload":{"local_timestamp":1676474082922,"param":{"paramName":"quad","paramValue":false,"source":"manual","step":null}},"type":"parameter_msg"}
{"payload":{"local_timestamp":1676474082922,"param":{"paramName":"rect","paramValue":false,"source":"manual","step":null}},"type":"parameter_msg"}
{"payload":{"local_timestamp":1676474082922,"param":{"paramName":"resume","paramValue":false,"source":"manual","step":null}},"type":"parameter_msg"}
{"payload":{"local_timestamp":1676474082922,"param":{"paramName":"save_dir","paramValue":"runs\\train\\exp7","source":"manual","step":null}},"type":"parameter_msg"}
{"payload":{"local_timestamp":1676474082922,"param":{"paramName":"save_period","paramValue":-1,"source":"manual","step":null}},"type":"parameter_msg"}
{"payload":{"local_timestamp":1676474082922,"param":{"paramName":"seed","paramValue":0,"source":"manual","step":null}},"type":"parameter_msg"}
{"payload":{"local_timestamp":1676474082922,"param":{"paramName":"single_cls","paramValue":false,"source":"manual","step":null}},"type":"parameter_msg"}
{"payload":{"local_timestamp":1676474082922,"param":{"paramName":"sync_bn","paramValue":false,"source":"manual","step":null}},"type":"parameter_msg"}
{"payload":{"local_timestamp":1676474082922,"param":{"paramName":"upload_dataset","paramValue":false,"source":"manual","step":null}},"type":"parameter_msg"}
{"payload":{"local_timestamp":1676474082922,"param":{"paramName":"workers","paramValue":8,"source":"manual","step":null}},"type":"parameter_msg"}
{"payload":{"local_timestamp":1676474082922,"param":{"paramName":"anchor_t","paramValue":4.0,"source":"manual","step":null}},"type":"parameter_msg"}
{"payload":{"local_timestamp":1676474082922,"param":{"paramName":"box","paramValue":0.05,"source":"manual","step":null}},"type":"parameter_msg"}
{"payload":{"local_timestamp":1676474082922,"param":{"paramName":"cls","paramValue":0.5,"source":"manual","step":null}},"type":"parameter_msg"}
{"payload":{"local_timestamp":1676474082922,"param":{"paramName":"cls_pw","paramValue":1.0,"source":"manual","step":null}},"type":"parameter_msg"}
{"payload":{"local_timestamp":1676474082922,"param":{"paramName":"copy_paste","paramValue":0.0,"source":"manual","step":null}},"type":"parameter_msg"}
{"payload":{"local_timestamp":1676474082922,"param":{"paramName":"degrees","paramValue":0.0,"source":"manual","step":null}},"type":"parameter_msg"}
{"payload":{"local_timestamp":1676474082922,"param":{"paramName":"fl_gamma","paramValue":0.0,"source":"manual","step":null}},"type":"parameter_msg"}
{"payload":{"local_timestamp":1676474082922,"param":{"paramName":"fliplr","paramValue":0.5,"source":"manual","step":null}},"type":"parameter_msg"}
{"payload":{"local_timestamp":1676474082922,"param":{"paramName":"flipud","paramValue":0.0,"source":"manual","step":null}},"type":"parameter_msg"}
{"payload":{"local_timestamp":1676474082922,"param":{"paramName":"hsv_h","paramValue":0.015,"source":"manual","step":null}},"type":"parameter_msg"}
{"payload":{"local_timestamp":1676474082922,"param":{"paramName":"hsv_s","paramValue":0.7,"source":"manual","step":null}},"type":"parameter_msg"}
{"payload":{"local_timestamp":1676474082922,"param":{"paramName":"hsv_v","paramValue":0.4,"source":"manual","step":null}},"type":"parameter_msg"}
{"payload":{"local_timestamp":1676474082922,"param":{"paramName":"iou_t","paramValue":0.2,"source":"manual","step":null}},"type":"parameter_msg"}
{"payload":{"local_timestamp":1676474082922,"param":{"paramName":"lr0","paramValue":0.01,"source":"manual","step":null}},"type":"parameter_msg"}
{"payload":{"local_timestamp":1676474082922,"param":{"paramName":"lrf","paramValue":0.01,"source":"manual","step":null}},"type":"parameter_msg"}
{"payload":{"local_timestamp":1676474082922,"param":{"paramName":"mixup","paramValue":0.0,"source":"manual","step":null}},"type":"parameter_msg"}
{"payload":{"local_timestamp":1676474082922,"param":{"paramName":"momentum","paramValue":0.937,"source":"manual","step":null}},"type":"parameter_msg"}
{"payload":{"local_timestamp":1676474082922,"param":{"paramName":"mosaic","paramValue":1.0,"source":"manual","step":null}},"type":"parameter_msg"}
{"payload":{"local_timestamp":1676474082922,"param":{"paramName":"obj","paramValue":1.0,"source":"manual","step":null}},"type":"parameter_msg"}
{"payload":{"local_timestamp":1676474082922,"param":{"paramName":"obj_pw","paramValue":1.0,"source":"manual","step":null}},"type":"parameter_msg"}
{"payload":{"local_timestamp":1676474082922,"param":{"paramName":"perspective","paramValue":0.0,"source":"manual","step":null}},"type":"parameter_msg"}
{"payload":{"local_timestamp":1676474082923,"param":{"paramName":"scale","paramValue":0.5,"source":"manual","step":null}},"type":"parameter_msg"}
{"payload":{"local_timestamp":1676474082923,"param":{"paramName":"shear","paramValue":0.0,"source":"manual","step":null}},"type":"parameter_msg"}
{"payload":{"local_timestamp":1676474082923,"param":{"paramName":"translate","paramValue":0.1,"source":"manual","step":null}},"type":"parameter_msg"}
{"payload":{"local_timestamp":1676474082923,"param":{"paramName":"warmup_bias_lr","paramValue":0.1,"source":"manual","step":null}},"type":"parameter_msg"}
{"payload":{"local_timestamp":1676474082923,"param":{"paramName":"warmup_epochs","paramValue":3.0,"source":"manual","step":null}},"type":"parameter_msg"}
{"payload":{"local_timestamp":1676474082923,"param":{"paramName":"warmup_momentum","paramValue":0.8,"source":"manual","step":null}},"type":"parameter_msg"}
{"payload":{"local_timestamp":1676474082923,"param":{"paramName":"weight_decay","paramValue":0.0005,"source":"manual","step":null}},"type":"parameter_msg"}
{"payload":{"additional_params":{"assetId":"4153d918ecec43a49c044c4d3e4ac73c","context":null,"epoch":null,"extension":"json","fileName":"hyperparameters.json","overwrite":false,"runId":null,"step":null},"clean":true,"file_path":"tmpd8i11x1b","local_timestamp":1676474082934,"metadata":{"type":"hyp-config-file"},"upload_type":"asset"},"type":"file_upload"}
{"payload":{"additional_params":{"assetId":"29f6d3adc46749dba572fc6ea2503355","context":null,"extension":"yaml","fileName":"opt.yaml","overwrite":false,"runId":null,"step":null},"clean":true,"file_path":"tmp7pc78vxm","local_timestamp":1676474082934,"metadata":{"type":"opt-config-file"},"upload_type":"asset"},"type":"file_upload"}
{"payload":{"local_timestamp":1676474082934,"param":{"paramName":"val_conf_threshold","paramValue":0.001,"source":"manual","step":null}},"type":"parameter_msg"}
{"payload":{"local_timestamp":1676474082934,"param":{"paramName":"val_iou_threshold","paramValue":0.6,"source":"manual","step":null}},"type":"parameter_msg"}
{"payload":{"local_timestamp":1676474082934,"log_other":{"key":"comet_mode","val":"online"}},"type":"ws_msg"}
{"payload":{"local_timestamp":1676474082934,"log_other":{"key":"comet_max_image_uploads","val":100}},"type":"ws_msg"}
{"payload":{"local_timestamp":1676474082934,"log_other":{"key":"comet_log_per_class_metrics","val":false}},"type":"ws_msg"}
{"payload":{"local_timestamp":1676474082934,"log_other":{"key":"comet_log_batch_metrics","val":false}},"type":"ws_msg"}
{"payload":{"local_timestamp":1676474082934,"log_other":{"key":"comet_log_confusion_matrix","val":true}},"type":"ws_msg"}
{"payload":{"local_timestamp":1676474082934,"log_other":{"key":"comet_model_name","val":"yolov5"}},"type":"ws_msg"}
{"payload":{"local_timestamp":1676474082977,"stderr":true,"stdout":"\n                 from  n    params  module                                  arguments                     \n"},"type":"ws_msg"}
{"payload":{"local_timestamp":1676474082977,"stderr":true,"stdout":"  0                -1  1      3520  models.common.Conv                      [3, 32, 6, 2, 2]              \n"},"type":"ws_msg"}
{"payload":{"local_timestamp":1676474082977,"stderr":true,"stdout":"  1                -1  1     18560  models.common.Conv                      [32, 64, 3, 2]                \n"},"type":"ws_msg"}
{"payload":{"local_timestamp":1676474082977,"stderr":true,"stdout":"  2                -1  1     18816  models.common.C3                        [64, 64, 1]                   \n"},"type":"ws_msg"}
{"payload":{"local_timestamp":1676474082983,"stderr":true,"stdout":"  3                -1  1     73984  models.common.Conv                      [64, 128, 3, 2]               \n"},"type":"ws_msg"}
{"payload":{"local_timestamp":1676474082984,"stderr":true,"stdout":"  4                -1  2    115712  models.common.C3                        [128, 128, 2]                 \n"},"type":"ws_msg"}
{"payload":{"local_timestamp":1676474082984,"stderr":true,"stdout":"  5                -1  1    295424  models.common.Conv                      [128, 256, 3, 2]              \n"},"type":"ws_msg"}
{"payload":{"local_timestamp":1676474082984,"stderr":true,"stdout":"  6                -1  3    625152  models.common.C3                        [256, 256, 3]                 \n"},"type":"ws_msg"}
{"payload":{"local_timestamp":1676474082993,"stderr":true,"stdout":"  7                -1  1   1180672  models.common.Conv                      [256, 512, 3, 2]              \n"},"type":"ws_msg"}
{"payload":{"local_timestamp":1676474082993,"stderr":true,"stdout":"  8                -1  1   1182720  models.common.C3                        [512, 512, 1]                 \n"},"type":"ws_msg"}
{"payload":{"local_timestamp":1676474082993,"stderr":true,"stdout":"  9                -1  1    656896  models.common.SPPF                      [512, 512, 5]                 \n"},"type":"ws_msg"}
{"payload":{"local_timestamp":1676474082993,"stderr":true,"stdout":" 10                -1  1    131584  models.common.Conv                      [512, 256, 1, 1]              \n"},"type":"ws_msg"}
{"payload":{"local_timestamp":1676474082993,"stderr":true,"stdout":" 11                -1  1         0  torch.nn.modules.upsampling.Upsample    [None, 2, 'nearest']          \n"},"type":"ws_msg"}
{"payload":{"local_timestamp":1676474082993,"stderr":true,"stdout":" 12           [-1, 6]  1         0  models.common.Concat                    [1]                           \n"},"type":"ws_msg"}
{"payload":{"local_timestamp":1676474083011,"stderr":true,"stdout":" 13                -1  1    361984  models.common.C3                        [512, 256, 1, False]          \n"},"type":"ws_msg"}
{"payload":{"local_timestamp":1676474083011,"stderr":true,"stdout":" 14                -1  1     33024  models.common.Conv                      [256, 128, 1, 1]              \n"},"type":"ws_msg"}
{"payload":{"local_timestamp":1676474083012,"stderr":true,"stdout":" 15                -1  1         0  torch.nn.modules.upsampling.Upsample    [None, 2, 'nearest']          \n"},"type":"ws_msg"}
{"payload":{"local_timestamp":1676474083012,"stderr":true,"stdout":" 16           [-1, 4]  1         0  models.common.Concat                    [1]                           \n"},"type":"ws_msg"}
{"payload":{"local_timestamp":1676474083012,"stderr":true,"stdout":" 17                -1  1     90880  models.common.C3                        [256, 128, 1, False]          \n"},"type":"ws_msg"}
{"payload":{"local_timestamp":1676474083016,"stderr":true,"stdout":" 18                -1  1    147712  models.common.Conv                      [128, 128, 3, 2]              \n"},"type":"ws_msg"}
{"payload":{"local_timestamp":1676474083016,"stderr":true,"stdout":" 19          [-1, 14]  1         0  models.common.Concat                    [1]                           \n"},"type":"ws_msg"}
{"payload":{"local_timestamp":1676474083016,"stderr":true,"stdout":" 20                -1  1    296448  models.common.C3                        [256, 256, 1, False]          \n"},"type":"ws_msg"}
{"payload":{"local_timestamp":1676474083016,"stderr":true,"stdout":" 21                -1  1    590336  models.common.Conv                      [256, 256, 3, 2]              \n"},"type":"ws_msg"}
{"payload":{"local_timestamp":1676474083016,"stderr":true,"stdout":" 22          [-1, 10]  1         0  models.common.Concat                    [1]                           \n"},"type":"ws_msg"}
{"payload":{"local_timestamp":1676474083028,"stderr":true,"stdout":" 23                -1  1   1182720  models.common.C3                        [512, 512, 1, False]          \n"},"type":"ws_msg"}
{"payload":{"local_timestamp":1676474083029,"stderr":true,"stdout":" 24      [17, 20, 23]  1     16182  models.yolo.Detect                      [1, [[10, 13, 16, 30, 33, 23], [30, 61, 62, 45, 59, 119], [116, 90, 156, 198, 373, 326]], [128, 256, 512]]\n"},"type":"ws_msg"}
{"payload":{"local_timestamp":1676474083155,"stderr":true,"stdout":"YOLOv5s summary: 214 layers, 7022326 parameters, 7022326 gradients, 15.9 GFLOPs\n"},"type":"ws_msg"}
{"payload":{"local_timestamp":1676474083156,"stderr":true,"stdout":"\n"},"type":"ws_msg"}
{"payload":{"local_timestamp":1676474083281,"stderr":true,"stdout":"Transferred 342/349 items from yolov5s.pt\n"},"type":"ws_msg"}
{"payload":{"local_timestamp":1676474086192,"stderr":true,"stdout":"\u001b[34m\u001b[1mAMP: \u001b[0mchecks passed \n"},"type":"ws_msg"}
{"payload":{"local_timestamp":1676474086196,"stderr":true,"stdout":"\u001b[34m\u001b[1moptimizer:\u001b[0m SGD(lr=0.01) with parameter groups 57 weight(decay=0.0), 60 weight(decay=0.0005), 60 bias\n"},"type":"ws_msg"}
{"payload":{"local_timestamp":1676474086280,"stderr":true,"stdout":"\r\u001b[34m\u001b[1mtrain: \u001b[0mScanning E:\\pythonProject\\yolo\\cf\\shujuji\\train\\labels...:   0%|          | 0/66 [00:00<?, ?it/s]\u001b[0m"},"type":"ws_msg"}
{"payload":{"additional_params":{"assetId":"b79089f01e214fc0997fb425e4dce89c","context":null,"epoch":null,"extension":"yml","fileName":"conda-environment.yml","overwrite":false,"runId":null,"step":null,"type":"conda-environment-definition"},"clean":true,"file_path":"tmp8v0ez65c","local_timestamp":1676474087680,"metadata":{},"upload_type":"conda-environment-definition"},"type":"file_upload"}
{"payload":{"additional_params":{"assetId":"7cef1bd9e9fb4434ab0b8108f25ce2ad","context":null,"epoch":null,"extension":"txt","fileName":"conda-spec.txt","overwrite":false,"runId":null,"step":null,"type":"conda-specification"},"clean":true,"file_path":"tmpzl99rnrx","local_timestamp":1676474089001,"metadata":{},"upload_type":"conda-specification"},"type":"file_upload"}
{"payload":{"additional_params":{"assetId":"c5ae43d1f6f44ae68d8cb7d32b5f7932","context":null,"epoch":null,"extension":"yml","fileName":"conda-info.yml","overwrite":false,"runId":null,"step":null,"type":"conda-info"},"clean":true,"file_path":"tmp_krkhikr","local_timestamp":1676474090258,"metadata":{},"upload_type":"conda-info"},"type":"file_upload"}
{"payload":{"local_timestamp":1676474093420,"stderr":true,"stdout":"\r\u001b[34m\u001b[1mtrain: \u001b[0mScanning E:\\pythonProject\\yolo\\cf\\shujuji\\train\\labels... 1 images, 0 backgrounds, 0 corrupt:   2%|\u258f         | 1\u001b[0m"},"type":"ws_msg"}
{"payload":{"local_timestamp":1676474093522,"stderr":true,"stdout":"\r\u001b[34m\u001b[1mtrain: \u001b[0mScanning E:\\pythonProject\\yolo\\cf\\shujuji\\train\\labels... 21 images, 0 backgrounds, 0 corrupt:  32%|\u2588\u2588\u2588\u258f      | \u001b[0m"},"type":"ws_msg"}
{"payload":{"local_timestamp":1676474093629,"stderr":true,"stdout":"\r\u001b[34m\u001b[1mtrain: \u001b[0mScanning E:\\pythonProject\\yolo\\cf\\shujuji\\train\\labels... 60 images, 0 backgrounds, 0 corrupt:  91%|\u2588\u2588\u2588\u2588\u2588\u2588\u2588\u2588\u2588 | \u001b[0m"},"type":"ws_msg"}
{"payload":{"local_timestamp":1676474093692,"stderr":true,"stdout":"\r\u001b[34m\u001b[1mtrain: \u001b[0mScanning E:\\pythonProject\\yolo\\cf\\shujuji\\train\\labels... 66 images, 0 backgrounds, 0 corrupt: 100%|\u2588\u2588\u2588\u2588\u2588\u2588\u2588\u2588\u2588\u2588| \u001b[0m"},"type":"ws_msg"}
{"payload":{"local_timestamp":1676474093692,"stderr":true,"stdout":"\n"},"type":"ws_msg"}
{"payload":{"local_timestamp":1676474093803,"stderr":true,"stdout":"\u001b[34m\u001b[1mtrain: \u001b[0mNew cache created: E:\\pythonProject\\yolo\\cf\\shujuji\\train\\labels.cache\n"},"type":"ws_msg"}
{"payload":{"local_timestamp":1676474102394,"stderr":true,"stdout":"Traceback (most recent call last):\n"},"type":"ws_msg"}
{"payload":{"local_timestamp":1676474102394,"stderr":true,"stdout":"  File \"train.py\", line 640, in <module>\n"},"type":"ws_msg"}
{"payload":{"local_timestamp":1676474102394,"stderr":true,"stdout":"    "},"type":"ws_msg"}
{"payload":{"local_timestamp":1676474102394,"stderr":true,"stdout":"main(opt)"},"type":"ws_msg"}
{"payload":{"local_timestamp":1676474102394,"stderr":true,"stdout":"\n"},"type":"ws_msg"}
{"payload":{"local_timestamp":1676474102400,"stderr":true,"stdout":"  File \"train.py\", line 529, in main\n"},"type":"ws_msg"}
{"payload":{"local_timestamp":1676474102400,"stderr":true,"stdout":"    "},"type":"ws_msg"}
{"payload":{"local_timestamp":1676474102400,"stderr":true,"stdout":"train(opt.hyp, opt, device, callbacks)"},"type":"ws_msg"}
{"payload":{"local_timestamp":1676474102400,"stderr":true,"stdout":"\n"},"type":"ws_msg"}
{"payload":{"local_timestamp":1676474102400,"stderr":true,"stdout":"  File \"train.py\", line 203, in train\n"},"type":"ws_msg"}
{"payload":{"local_timestamp":1676474102400,"stderr":true,"stdout":"    "},"type":"ws_msg"}
{"payload":{"local_timestamp":1676474102400,"stderr":true,"stdout":"seed=opt.seed)"},"type":"ws_msg"}
{"payload":{"local_timestamp":1676474102400,"stderr":true,"stdout":"\n"},"type":"ws_msg"}
{"payload":{"local_timestamp":1676474102400,"stderr":true,"stdout":"  File \"E:\\pythonProject\\yolo\\cf\\utils\\dataloaders.py\", line 153, in create_dataloader\n"},"type":"ws_msg"}
{"payload":{"local_timestamp":1676474102401,"stderr":true,"stdout":"    "},"type":"ws_msg"}
{"payload":{"local_timestamp":1676474102401,"stderr":true,"stdout":"generator=generator), dataset"},"type":"ws_msg"}
{"payload":{"local_timestamp":1676474102401,"stderr":true,"stdout":"\n"},"type":"ws_msg"}
{"payload":{"local_timestamp":1676474102401,"stderr":true,"stdout":"  File \"E:\\pythonProject\\yolo\\cf\\utils\\dataloaders.py\", line 165, in __init__\n"},"type":"ws_msg"}
{"payload":{"local_timestamp":1676474102401,"stderr":true,"stdout":"    "},"type":"ws_msg"}
{"payload":{"local_timestamp":1676474102401,"stderr":true,"stdout":"self.iterator = super().__iter__()"},"type":"ws_msg"}
{"payload":{"local_timestamp":1676474102401,"stderr":true,"stdout":"\n"},"type":"ws_msg"}
{"payload":{"local_timestamp":1676474102401,"stderr":true,"stdout":"  File \"D:\\Program Files\\Anaconda\\envs\\yolo_py37\\lib\\site-packages\\torch\\utils\\data\\dataloader.py\", line 435, in __iter__\n"},"type":"ws_msg"}
{"payload":{"local_timestamp":1676474102411,"stderr":true,"stdout":"    "},"type":"ws_msg"}
{"payload":{"local_timestamp":1676474102411,"stderr":true,"stdout":"return self._get_iterator()"},"type":"ws_msg"}
{"payload":{"local_timestamp":1676474102411,"stderr":true,"stdout":"\n"},"type":"ws_msg"}
{"payload":{"local_timestamp":1676474102411,"stderr":true,"stdout":"  File \"D:\\Program Files\\Anaconda\\envs\\yolo_py37\\lib\\site-packages\\torch\\utils\\data\\dataloader.py\", line 381, in _get_iterator\n"},"type":"ws_msg"}
{"payload":{"local_timestamp":1676474102411,"stderr":true,"stdout":"    "},"type":"ws_msg"}
{"payload":{"local_timestamp":1676474102411,"stderr":true,"stdout":"return _MultiProcessingDataLoaderIter(self)"},"type":"ws_msg"}
{"payload":{"local_timestamp":1676474102411,"stderr":true,"stdout":"\n"},"type":"ws_msg"}
{"payload":{"local_timestamp":1676474102411,"stderr":true,"stdout":"  File \"D:\\Program Files\\Anaconda\\envs\\yolo_py37\\lib\\site-packages\\torch\\utils\\data\\dataloader.py\", line 1034, in __init__\n"},"type":"ws_msg"}
{"payload":{"local_timestamp":1676474102411,"stderr":true,"stdout":"    "},"type":"ws_msg"}
{"payload":{"local_timestamp":1676474102411,"stderr":true,"stdout":"w.start()"},"type":"ws_msg"}
{"payload":{"local_timestamp":1676474102411,"stderr":true,"stdout":"\n"},"type":"ws_msg"}
{"payload":{"local_timestamp":1676474102411,"stderr":true,"stdout":"  File \"D:\\Program Files\\Anaconda\\envs\\yolo_py37\\lib\\multiprocessing\\process.py\", line 112, in start\n"},"type":"ws_msg"}
{"payload":{"local_timestamp":1676474102411,"stderr":true,"stdout":"    "},"type":"ws_msg"}
{"payload":{"local_timestamp":1676474102411,"stderr":true,"stdout":"self._popen = self._Popen(self)"},"type":"ws_msg"}
{"payload":{"local_timestamp":1676474102411,"stderr":true,"stdout":"\n"},"type":"ws_msg"}
{"payload":{"local_timestamp":1676474102411,"stderr":true,"stdout":"  File \"D:\\Program Files\\Anaconda\\envs\\yolo_py37\\lib\\multiprocessing\\context.py\", line 223, in _Popen\n"},"type":"ws_msg"}
{"payload":{"local_timestamp":1676474102411,"stderr":true,"stdout":"    "},"type":"ws_msg"}
{"payload":{"local_timestamp":1676474102411,"stderr":true,"stdout":"return _default_context.get_context().Process._Popen(process_obj)"},"type":"ws_msg"}
{"payload":{"local_timestamp":1676474102411,"stderr":true,"stdout":"\n"},"type":"ws_msg"}
{"payload":{"local_timestamp":1676474102411,"stderr":true,"stdout":"  File \"D:\\Program Files\\Anaconda\\envs\\yolo_py37\\lib\\multiprocessing\\context.py\", line 322, in _Popen\n"},"type":"ws_msg"}
{"payload":{"local_timestamp":1676474102415,"stderr":true,"stdout":"    "},"type":"ws_msg"}
{"payload":{"local_timestamp":1676474102415,"stderr":true,"stdout":"return Popen(process_obj)"},"type":"ws_msg"}
{"payload":{"local_timestamp":1676474102415,"stderr":true,"stdout":"\n"},"type":"ws_msg"}
{"payload":{"local_timestamp":1676474102415,"stderr":true,"stdout":"  File \"D:\\Program Files\\Anaconda\\envs\\yolo_py37\\lib\\multiprocessing\\popen_spawn_win32.py\", line 89, in __init__\n"},"type":"ws_msg"}
{"payload":{"local_timestamp":1676474102415,"stderr":true,"stdout":"    "},"type":"ws_msg"}
{"payload":{"local_timestamp":1676474102415,"stderr":true,"stdout":"reduction.dump(process_obj, to_child)"},"type":"ws_msg"}
{"payload":{"local_timestamp":1676474102415,"stderr":true,"stdout":"\n"},"type":"ws_msg"}
{"payload":{"local_timestamp":1676474102415,"stderr":true,"stdout":"  File \"D:\\Program Files\\Anaconda\\envs\\yolo_py37\\lib\\multiprocessing\\reduction.py\", line 60, in dump\n"},"type":"ws_msg"}
{"payload":{"local_timestamp":1676474102418,"stderr":true,"stdout":"    "},"type":"ws_msg"}
{"payload":{"local_timestamp":1676474102418,"stderr":true,"stdout":"ForkingPickler(file, protocol).dump(obj)"},"type":"ws_msg"}
{"payload":{"local_timestamp":1676474102418,"stderr":true,"stdout":"\n"},"type":"ws_msg"}
{"payload":{"local_timestamp":1676474102418,"stderr":true,"stdout":"BrokenPipeError"},"type":"ws_msg"}
{"payload":{"local_timestamp":1676474102418,"stderr":true,"stdout":": "},"type":"ws_msg"}
{"payload":{"local_timestamp":1676474102418,"stderr":true,"stdout":"[Errno 32] Broken pipe"},"type":"ws_msg"}
{"payload":{"local_timestamp":1676474102418,"stderr":true,"stdout":"\n"},"type":"ws_msg"}
{"payload":{"local_timestamp":1676474102418,"stderr":true,"stdout":"COMET INFO: ----------------------------------\n"},"type":"ws_msg"}
{"payload":{"local_timestamp":1676474102418,"stderr":true,"stdout":"COMET INFO: Comet.ml OfflineExperiment Summary\n"},"type":"ws_msg"}
{"payload":{"local_timestamp":1676474102418,"stderr":true,"stdout":"COMET INFO: ----------------------------------\n"},"type":"ws_msg"}
{"payload":{"local_timestamp":1676474102418,"stderr":true,"stdout":"COMET INFO:   Data:\n"},"type":"ws_msg"}
{"payload":{"local_timestamp":1676474102418,"stderr":true,"stdout":"COMET INFO:     display_summary_level : 1\n"},"type":"ws_msg"}
{"payload":{"local_timestamp":1676474102418,"stderr":true,"stdout":"COMET INFO:     url                   : [OfflineExperiment will get URL after upload]\n"},"type":"ws_msg"}
{"payload":{"local_timestamp":1676474102418,"stderr":true,"stdout":"COMET INFO:   Others:\n"},"type":"ws_msg"}
{"payload":{"local_timestamp":1676474102418,"stderr":true,"stdout":"COMET INFO:     Created from                : YOLOv5\n"},"type":"ws_msg"}
{"payload":{"local_timestamp":1676474102418,"stderr":true,"stdout":"COMET INFO:     comet_log_batch_metrics     : False\n"},"type":"ws_msg"}
{"payload":{"local_timestamp":1676474102418,"stderr":true,"stdout":"COMET INFO:     comet_log_confusion_matrix  : True\n"},"type":"ws_msg"}
{"payload":{"local_timestamp":1676474102418,"stderr":true,"stdout":"COMET INFO:     comet_log_per_class_metrics : False\n"},"type":"ws_msg"}
{"payload":{"local_timestamp":1676474102425,"stderr":true,"stdout":"COMET INFO:     comet_max_image_uploads     : 100\n"},"type":"ws_msg"}
{"payload":{"local_timestamp":1676474102425,"stderr":true,"stdout":"COMET INFO:     comet_mode                  : online\n"},"type":"ws_msg"}
{"payload":{"local_timestamp":1676474102425,"stderr":true,"stdout":"COMET INFO:     comet_model_name            : yolov5\n"},"type":"ws_msg"}
{"payload":{"local_timestamp":1676474102425,"stderr":true,"stdout":"COMET INFO:     offline_experiment          : True\n"},"type":"ws_msg"}
{"payload":{"local_timestamp":1676474102425,"stderr":true,"stdout":"COMET INFO:   Parameters:\n"},"type":"ws_msg"}
{"payload":{"local_timestamp":1676474102425,"stderr":true,"stdout":"COMET INFO:     anchor_t           : 4.0\n"},"type":"ws_msg"}
{"payload":{"local_timestamp":1676474102425,"stderr":true,"stdout":"COMET INFO:     artifact_alias     : latest\n"},"type":"ws_msg"}
{"payload":{"local_timestamp":1676474102425,"stderr":true,"stdout":"COMET INFO:     batch_size         : 8\n"},"type":"ws_msg"}
{"payload":{"local_timestamp":1676474102425,"stderr":true,"stdout":"COMET INFO:     bbox_interval      : -1\n"},"type":"ws_msg"}
{"payload":{"local_timestamp":1676474102425,"stderr":true,"stdout":"COMET INFO:     box                : 0.05\n"},"type":"ws_msg"}
{"payload":{"local_timestamp":1676474102425,"stderr":true,"stdout":"COMET INFO:     bucket             : \n"},"type":"ws_msg"}
{"payload":{"local_timestamp":1676474102425,"stderr":true,"stdout":"COMET INFO:     cache              : 1\n"},"type":"ws_msg"}
{"payload":{"local_timestamp":1676474102425,"stderr":true,"stdout":"COMET INFO:     cls                : 0.5\n"},"type":"ws_msg"}
{"payload":{"local_timestamp":1676474102425,"stderr":true,"stdout":"COMET INFO:     cls_pw             : 1.0\n"},"type":"ws_msg"}
{"payload":{"local_timestamp":1676474102425,"stderr":true,"stdout":"COMET INFO:     copy_paste         : 0.0\n"},"type":"ws_msg"}
{"payload":{"local_timestamp":1676474102425,"stderr":true,"stdout":"COMET INFO:     cos_lr             : False\n"},"type":"ws_msg"}
{"payload":{"local_timestamp":1676474102428,"stderr":true,"stdout":"COMET INFO:     degrees            : 0.0\n"},"type":"ws_msg"}
{"payload":{"local_timestamp":1676474102428,"stderr":true,"stdout":"COMET INFO:     device             : 0\n"},"type":"ws_msg"}
{"payload":{"local_timestamp":1676474102428,"stderr":true,"stdout":"COMET INFO:     entity             : 1\n"},"type":"ws_msg"}
{"payload":{"local_timestamp":1676474102428,"stderr":true,"stdout":"COMET INFO:     evolve             : 1\n"},"type":"ws_msg"}
{"payload":{"local_timestamp":1676474102428,"stderr":true,"stdout":"COMET INFO:     exist_ok           : False\n"},"type":"ws_msg"}
{"payload":{"local_timestamp":1676474102428,"stderr":true,"stdout":"COMET INFO:     fl_gamma           : 0.0\n"},"type":"ws_msg"}
{"payload":{"local_timestamp":1676474102428,"stderr":true,"stdout":"COMET INFO:     fliplr             : 0.5\n"},"type":"ws_msg"}
{"payload":{"local_timestamp":1676474102428,"stderr":true,"stdout":"COMET INFO:     flipud             : 0.0\n"},"type":"ws_msg"}
{"payload":{"local_timestamp":1676474102428,"stderr":true,"stdout":"COMET INFO:     freeze             : [0]\n"},"type":"ws_msg"}
{"payload":{"local_timestamp":1676474102428,"stderr":true,"stdout":"COMET INFO:     hsv_h              : 0.015\n"},"type":"ws_msg"}
{"payload":{"local_timestamp":1676474102429,"stderr":true,"stdout":"COMET INFO:     hsv_s              : 0.7\n"},"type":"ws_msg"}
{"payload":{"local_timestamp":1676474102429,"stderr":true,"stdout":"COMET INFO:     hsv_v              : 0.4\n"},"type":"ws_msg"}
{"payload":{"local_timestamp":1676474102429,"stderr":true,"stdout":"COMET INFO:     hyp                : {\"anchor_t\": 4.0, \"box\": 0.05, \"cls\": 0.5, \"cls_pw\": 1.0, \"copy_paste\": 0.0, \"degrees\": 0.0, \"fl_gamma\": 0.0, \"fliplr\": 0.5, \"flipud\": 0.0, \"hsv_h\": 0.015, \"hsv_s\": 0.7, \"hsv_v\": 0.4, \"iou_t\": 0.2, \"lr0\": 0.01, \"lrf\": 0.01, \"mixup\": 0.0, \"momentum\": 0.937, \"mosaic\": 1.0, \"obj\": 1.0, \"obj_pw\": 1.0, \"perspective\": 0.0, \"scale\": 0.5, \"shear\": 0.0, \"translate\": 0.1, \"warmup_bias_lr\": 0.1, \"warmup_epochs\": 3.0, \"warmup_momentum\": 0.8, \"weight_decay\": 0.0005}\n"},"type":"ws_msg"}
{"payload":{"local_timestamp":1676474102429,"stderr":true,"stdout":"COMET INFO:     image_weights      : False\n"},"type":"ws_msg"}
{"payload":{"local_timestamp":1676474102429,"stderr":true,"stdout":"COMET INFO:     imgsz              : 640\n"},"type":"ws_msg"}
{"payload":{"local_timestamp":1676474102429,"stderr":true,"stdout":"COMET INFO:     iou_t              : 0.2\n"},"type":"ws_msg"}
{"payload":{"local_timestamp":1676474102429,"stderr":true,"stdout":"COMET INFO:     label_smoothing    : 0.0\n"},"type":"ws_msg"}
{"payload":{"local_timestamp":1676474102429,"stderr":true,"stdout":"COMET INFO:     local_rank         : -1\n"},"type":"ws_msg"}
{"payload":{"local_timestamp":1676474102430,"stderr":true,"stdout":"COMET INFO:     lr0                : 0.01\n"},"type":"ws_msg"}
{"payload":{"local_timestamp":1676474102430,"stderr":true,"stdout":"COMET INFO:     lrf                : 0.01\n"},"type":"ws_msg"}
{"payload":{"local_timestamp":1676474102430,"stderr":true,"stdout":"COMET INFO:     mixup              : 0.0\n"},"type":"ws_msg"}
{"payload":{"local_timestamp":1676474102430,"stderr":true,"stdout":"COMET INFO:     momentum           : 0.937\n"},"type":"ws_msg"}
{"payload":{"local_timestamp":1676474102430,"stderr":true,"stdout":"COMET INFO:     mosaic             : 1.0\n"},"type":"ws_msg"}
{"payload":{"local_timestamp":1676474102430,"stderr":true,"stdout":"COMET INFO:     multi_scale        : False\n"},"type":"ws_msg"}
{"payload":{"local_timestamp":1676474102430,"stderr":true,"stdout":"COMET INFO:     name               : exp\n"},"type":"ws_msg"}
{"payload":{"local_timestamp":1676474102430,"stderr":true,"stdout":"COMET INFO:     noautoanchor       : False\n"},"type":"ws_msg"}
{"payload":{"local_timestamp":1676474102430,"stderr":true,"stdout":"COMET INFO:     noplots            : False\n"},"type":"ws_msg"}
{"payload":{"local_timestamp":1676474102430,"stderr":true,"stdout":"COMET INFO:     nosave             : False\n"},"type":"ws_msg"}
{"payload":{"local_timestamp":1676474102430,"stderr":true,"stdout":"COMET INFO:     noval              : False\n"},"type":"ws_msg"}
{"payload":{"local_timestamp":1676474102431,"stderr":true,"stdout":"COMET INFO:     obj                : 1.0\n"},"type":"ws_msg"}
{"payload":{"local_timestamp":1676474102431,"stderr":true,"stdout":"COMET INFO:     obj_pw             : 1.0\n"},"type":"ws_msg"}
{"payload":{"local_timestamp":1676474102431,"stderr":true,"stdout":"COMET INFO:     optimizer          : SGD\n"},"type":"ws_msg"}
{"payload":{"local_timestamp":1676474102431,"stderr":true,"stdout":"COMET INFO:     patience           : 100\n"},"type":"ws_msg"}
{"payload":{"local_timestamp":1676474102431,"stderr":true,"stdout":"COMET INFO:     perspective        : 0.0\n"},"type":"ws_msg"}
{"payload":{"local_timestamp":1676474102431,"stderr":true,"stdout":"COMET INFO:     project            : runs\\train\n"},"type":"ws_msg"}
{"payload":{"local_timestamp":1676474102431,"stderr":true,"stdout":"COMET INFO:     quad               : False\n"},"type":"ws_msg"}
{"payload":{"local_timestamp":1676474102431,"stderr":true,"stdout":"COMET INFO:     rect               : False\n"},"type":"ws_msg"}
{"payload":{"local_timestamp":1676474102431,"stderr":true,"stdout":"COMET INFO:     resume             : False\n"},"type":"ws_msg"}
{"payload":{"local_timestamp":1676474102431,"stderr":true,"stdout":"COMET INFO:     save_dir           : runs\\train\\exp7\n"},"type":"ws_msg"}
{"payload":{"local_timestamp":1676474102432,"stderr":true,"stdout":"COMET INFO:     save_period        : -1\n"},"type":"ws_msg"}
{"payload":{"local_timestamp":1676474102432,"stderr":true,"stdout":"COMET INFO:     scale              : 0.5\n"},"type":"ws_msg"}
{"payload":{"local_timestamp":1676474102432,"stderr":true,"stdout":"COMET INFO:     seed               : 0\n"},"type":"ws_msg"}
{"payload":{"local_timestamp":1676474102432,"stderr":true,"stdout":"COMET INFO:     shear              : 0.0\n"},"type":"ws_msg"}
{"payload":{"local_timestamp":1676474102432,"stderr":true,"stdout":"COMET INFO:     single_cls         : False\n"},"type":"ws_msg"}
{"payload":{"local_timestamp":1676474102432,"stderr":true,"stdout":"COMET INFO:     sync_bn            : False\n"},"type":"ws_msg"}
{"payload":{"local_timestamp":1676474102432,"stderr":true,"stdout":"COMET INFO:     translate          : 0.1\n"},"type":"ws_msg"}
{"payload":{"local_timestamp":1676474102432,"stderr":true,"stdout":"COMET INFO:     upload_dataset     : False\n"},"type":"ws_msg"}
{"payload":{"local_timestamp":1676474102432,"stderr":true,"stdout":"COMET INFO:     val_conf_threshold : 0.001\n"},"type":"ws_msg"}
{"payload":{"local_timestamp":1676474102432,"stderr":true,"stdout":"COMET INFO:     val_iou_threshold  : 0.6\n"},"type":"ws_msg"}
{"payload":{"local_timestamp":1676474102433,"stderr":true,"stdout":"COMET INFO:     warmup_bias_lr     : 0.1\n"},"type":"ws_msg"}
{"payload":{"local_timestamp":1676474102433,"stderr":true,"stdout":"COMET INFO:     warmup_epochs      : 3.0\n"},"type":"ws_msg"}
{"payload":{"local_timestamp":1676474102433,"stderr":true,"stdout":"COMET INFO:     warmup_momentum    : 0.8\n"},"type":"ws_msg"}
{"payload":{"local_timestamp":1676474102433,"stderr":true,"stdout":"COMET INFO:     weight_decay       : 0.0005\n"},"type":"ws_msg"}
{"payload":{"local_timestamp":1676474102433,"stderr":true,"stdout":"COMET INFO:     workers            : 8\n"},"type":"ws_msg"}
{"payload":{"local_timestamp":1676474102433,"stderr":true,"stdout":"COMET INFO:   Uploads:\n"},"type":"ws_msg"}
{"payload":{"local_timestamp":1676474102433,"stderr":true,"stdout":"COMET INFO:     asset                        : 3 (1.27 KB)\n"},"type":"ws_msg"}
{"payload":{"local_timestamp":1676474102433,"stderr":true,"stdout":"COMET INFO:     conda-environment-definition : 1\n"},"type":"ws_msg"}
{"payload":{"local_timestamp":1676474102433,"stderr":true,"stdout":"COMET INFO:     conda-info                   : 1\n"},"type":"ws_msg"}
{"payload":{"local_timestamp":1676474102433,"stderr":true,"stdout":"COMET INFO:     conda-specification          : 1\n"},"type":"ws_msg"}
{"payload":{"local_timestamp":1676474102434,"stderr":true,"stdout":"COMET INFO:     environment details          : 1\n"},"type":"ws_msg"}
{"payload":{"local_timestamp":1676474102434,"stderr":true,"stdout":"COMET INFO:     installed packages           : 1\n"},"type":"ws_msg"}
{"payload":{"local_timestamp":1676474102434,"stderr":true,"stdout":"COMET INFO: ----------------------------------\n"},"type":"ws_msg"}
{"payload":{"local_timestamp":1676474102434,"stderr":true,"stdout":"COMET WARNING: Experiment Name is generated at upload time for Offline Experiments unless set explicitly with Experiment.set_name\n"},"type":"ws_msg"}
{"payload":{"local_timestamp":1676474102434,"stderr":true,"stdout":"COMET WARNING: Comet has disabled auto-logging functionality as it has been imported after the following ML modules: tensorboard, torch. Metrics and hyperparameters can still be logged using Experiment.log_metrics() and Experiment.log_parameters()\n"},"type":"ws_msg"}
{"payload":{"local_timestamp":1676474102434,"log_other":{"key":"sys.already_imported_modules","val":"[\"tensorboard\", \"torch\"]"}},"type":"ws_msg"}
