{"payload":{"installed_packages":["absl-py==1.3.0","astunparse==1.6.3","attrs==22.2.0","automat==22.10.0","automium-web==0.1.1","automium==0.2.6","autopy==4.0.0","backcall==0.2.0","cachetools==5.2.1","certifi==2022.12.7","charset-normalizer==2.1.1","click==8.1.3","colorama==0.4.6","comet-ml==3.32.1","common-model==0.5.2","configobj==5.0.8","constantly==15.1.0","construct==2.10.68","cycler==0.11.0","decorator==5.1.1","dulwich==0.21.2","everett==3.1.0","export==0.1.2","flask==2.2.2","flatbuffers==23.1.4","fonttools==4.38.0","gast==0.4.0","gitdb==4.0.10","gitpython==3.1.30","google-auth-oauthlib==0.4.6","google-auth==2.16.0","google-pasta==0.2.0","grpcio==1.51.1","h5py==3.7.0","hyperlink==21.0.0","idna==3.4","importlib-metadata==6.0.0","importlib-resources==5.10.2","incremental==22.10.0","ipython==7.34.0","itsdangerous==2.1.2","jedi==0.18.2","jinja2==3.1.2","jsonschema==4.17.3","keras==2.11.0","kiwisolver==1.4.4","labelimg==1.8.6","legacy==0.1.6","libclang==15.0.6.1","lxml==4.9.2","markdown==3.4.1","markupsafe==2.1.1","matplotlib-inline==0.1.6","matplotlib==3.5.3","mediapipe==0.9.0.1","numpy==1.21.6","oauthlib==3.2.2","opencv-contrib-python==4.7.0.68","opencv-python==4.7.0.68","opt-einsum==3.3.0","packaging==23.0","pandas==1.3.5","parso==0.8.3","pickleshare==0.7.5","pillow==9.4.0","pip==22.3.1","pkgutil-resolve-name==1.3.10","ply==3.11","prompt-toolkit==3.0.36","protobuf==3.19.6","psutil==5.9.4","pyasn1-modules==0.2.8","pyasn1==0.4.8","pycryptodomex==3.16.0","pydantic==1.10.4","pygments==2.14.0","pyparsing==3.0.9","pyqt5-qt5==5.15.2","pyqt5-sip==12.11.1","pyqt5==5.15.9","pyrsistent==0.19.3","pysmi==0.3.4","pysnmp==4.4.12","python-box==6.1.0","python-dateutil==2.8.2","python-opencv==1.0.0.14","pytz==2022.7","pywin32==305","pyyaml==6.0","requests-oauthlib==1.3.1","requests-toolbelt==0.10.1","requests==2.28.1","rsa==4.9","scipy==1.7.3","seaborn==0.12.2","semantic-version==2.10.0","sentry-sdk==1.15.0","setuptools==65.6.3","simplejson==3.18.3","six==1.16.0","smmap==5.0.0","tensor==0.3.6","tensorboard-data-server==0.6.1","tensorboard-plugin-wit==1.8.1","tensorboard==2.11.0","tensorflow-estimator==2.11.0","tensorflow-intel==2.11.0","tensorflow-io-gcs-filesystem==0.29.0","tensorflow==2.11.0","termcolor==2.2.0","thop==0.1.1.post2209072238","torch==1.13.1+cu116","torchaudio==0.13.1+cu116","torchvision==0.14.1+cu116","tqdm==4.64.1","traitlets==5.8.1","twisted-iocpsupport==1.0.2","twisted==22.10.0","typing-extensions==4.4.0","urllib3==1.26.13","wcwidth==0.2.5","websocket-client==1.3.3","werkzeug==2.2.2","wheel==0.38.4","wincertstore==0.2","wrapt==1.14.1","wurlitzer==3.0.3","zipp==3.11.0","zope.interface==5.5.2"],"local_timestamp":1676472816615},"type":"ws_msg"}
{"payload":{"env_details":{"command":["train.py","--img","640","--batch","16","--epochs","50","--data","./data/coco128.yaml","--cfg","./models/yolov5s.yaml","--weights","yolov5s.pt","--device","0"],"env":null,"hostname":"mark","ip":"192.168.1.4","machine":"AMD64","os":"Windows-10-10.0.22621-SP0","os_release":"10","os_type":"Windows","pid":7288,"processor":"AMD64 Family 25 Model 80 Stepping 0, AuthenticAMD","python_exe":"D:\\Program Files\\Anaconda\\envs\\yolo_py37\\python.exe","python_version":"3.7.15","python_version_verbose":"3.7.15 (default, Nov 24 2022, 18:44:54) [MSC v.1916 64 bit (AMD64)]","user":"27701"},"local_timestamp":1676472816675},"type":"ws_msg"}
{"payload":{"gpu_static_info":[{"gpu_index":0,"name":"NVIDIA GeForce RTX 3060 Laptop GPU","power_limit":null,"total_memory":6442450944,"uuid":"GPU-37fc2901-6b71-4849-97f8-e1953fbbc22a"}],"local_timestamp":1676472816718},"type":"ws_msg"}
{"payload":{"local_timestamp":1676472816722,"metric":{"epoch":null,"metricName":"sys.gpu.0.total_memory","metricValue":6442450944,"step":null}},"type":"metric_msg"}
{"payload":{"local_timestamp":1676472816728,"param":{"paramName":"img","paramValue":640,"source":"cli","step":null}},"type":"parameter_msg"}
{"payload":{"local_timestamp":1676472816728,"param":{"paramName":"batch","paramValue":16,"source":"cli","step":null}},"type":"parameter_msg"}
{"payload":{"local_timestamp":1676472816728,"param":{"paramName":"epochs","paramValue":50,"source":"cli","step":null}},"type":"parameter_msg"}
{"payload":{"local_timestamp":1676472816728,"param":{"paramName":"data","paramValue":"./data/coco128.yaml","source":"cli","step":null}},"type":"parameter_msg"}
{"payload":{"local_timestamp":1676472816728,"param":{"paramName":"cfg","paramValue":"./models/yolov5s.yaml","source":"cli","step":null}},"type":"parameter_msg"}
{"payload":{"local_timestamp":1676472816728,"param":{"paramName":"weights","paramValue":"yolov5s.pt","source":"cli","step":null}},"type":"parameter_msg"}
{"payload":{"local_timestamp":1676472816728,"param":{"paramName":"device","paramValue":0,"source":"cli","step":null}},"type":"parameter_msg"}
{"payload":{"local_timestamp":1676472816911,"metric":{"epoch":null,"metricName":"sys.cpu.percent.avg","metricValue":2.3999999999999995,"step":null}},"type":"metric_msg"}
{"payload":{"local_timestamp":1676472816911,"metric":{"epoch":null,"metricName":"sys.cpu.percent.01","metricValue":1.8,"step":null}},"type":"metric_msg"}
{"payload":{"local_timestamp":1676472816911,"metric":{"epoch":null,"metricName":"sys.cpu.percent.02","metricValue":0.3,"step":null}},"type":"metric_msg"}
{"payload":{"local_timestamp":1676472816911,"metric":{"epoch":null,"metricName":"sys.cpu.percent.03","metricValue":0.3,"step":null}},"type":"metric_msg"}
{"payload":{"local_timestamp":1676472816911,"metric":{"epoch":null,"metricName":"sys.cpu.percent.04","metricValue":0.0,"step":null}},"type":"metric_msg"}
{"payload":{"local_timestamp":1676472816911,"metric":{"epoch":null,"metricName":"sys.cpu.percent.05","metricValue":0.0,"step":null}},"type":"metric_msg"}
{"payload":{"local_timestamp":1676472816911,"metric":{"epoch":null,"metricName":"sys.cpu.percent.06","metricValue":0.0,"step":null}},"type":"metric_msg"}
{"payload":{"local_timestamp":1676472816911,"metric":{"epoch":null,"metricName":"sys.cpu.percent.07","metricValue":0.3,"step":null}},"type":"metric_msg"}
{"payload":{"local_timestamp":1676472816911,"metric":{"epoch":null,"metricName":"sys.cpu.percent.08","metricValue":7.7,"step":null}},"type":"metric_msg"}
{"payload":{"local_timestamp":1676472816911,"metric":{"epoch":null,"metricName":"sys.cpu.percent.09","metricValue":2.9,"step":null}},"type":"metric_msg"}
{"payload":{"local_timestamp":1676472816911,"metric":{"epoch":null,"metricName":"sys.cpu.percent.10","metricValue":24.5,"step":null}},"type":"metric_msg"}
{"payload":{"local_timestamp":1676472816911,"metric":{"epoch":null,"metricName":"sys.cpu.percent.11","metricValue":0.3,"step":null}},"type":"metric_msg"}
{"payload":{"local_timestamp":1676472816911,"metric":{"epoch":null,"metricName":"sys.cpu.percent.12","metricValue":0.0,"step":null}},"type":"metric_msg"}
{"payload":{"local_timestamp":1676472816911,"metric":{"epoch":null,"metricName":"sys.cpu.percent.13","metricValue":0.0,"step":null}},"type":"metric_msg"}
{"payload":{"local_timestamp":1676472816911,"metric":{"epoch":null,"metricName":"sys.cpu.percent.14","metricValue":0.0,"step":null}},"type":"metric_msg"}
{"payload":{"local_timestamp":1676472816912,"metric":{"epoch":null,"metricName":"sys.cpu.percent.15","metricValue":0.3,"step":null}},"type":"metric_msg"}
{"payload":{"local_timestamp":1676472816912,"metric":{"epoch":null,"metricName":"sys.cpu.percent.16","metricValue":0.0,"step":null}},"type":"metric_msg"}
{"payload":{"local_timestamp":1676472816912,"metric":{"epoch":null,"metricName":"sys.load.avg","metricValue":0.0,"step":null}},"type":"metric_msg"}
{"payload":{"local_timestamp":1676472816912,"metric":{"epoch":null,"metricName":"sys.ram.total","metricValue":17008422912,"step":null}},"type":"metric_msg"}
{"payload":{"local_timestamp":1676472816912,"metric":{"epoch":null,"metricName":"sys.ram.used","metricValue":14937980928,"step":null}},"type":"metric_msg"}
{"payload":{"local_timestamp":1676472816912,"log_other":{"key":"offline_experiment","val":true}},"type":"ws_msg"}
{"payload":{"local_timestamp":1676472816913,"stderr":true,"stdout":"Traceback (most recent call last):\n"},"type":"ws_msg"}
{"payload":{"local_timestamp":1676472816913,"stderr":true,"stdout":"  File \"train.py\", line 640, in <module>\n"},"type":"ws_msg"}
{"payload":{"local_timestamp":1676472816914,"stderr":true,"stdout":"    "},"type":"ws_msg"}
{"payload":{"local_timestamp":1676472816914,"stderr":true,"stdout":"main(opt)"},"type":"ws_msg"}
{"payload":{"local_timestamp":1676472816914,"stderr":true,"stdout":"\n"},"type":"ws_msg"}
{"payload":{"local_timestamp":1676472816915,"stderr":true,"stdout":"  File \"train.py\", line 529, in main\n"},"type":"ws_msg"}
{"payload":{"local_timestamp":1676472816915,"metric":{"epoch":null,"metricName":"sys.gpu.0.free_memory","metricValue":5334228992,"step":null}},"type":"metric_msg"}
{"payload":{"local_timestamp":1676472816915,"metric":{"epoch":null,"metricName":"sys.gpu.0.gpu_utilization","metricValue":7,"step":null}},"type":"metric_msg"}
{"payload":{"local_timestamp":1676472816915,"metric":{"epoch":null,"metricName":"sys.gpu.0.power_usage","metricValue":12461,"step":null}},"type":"metric_msg"}
{"payload":{"local_timestamp":1676472816915,"metric":{"epoch":null,"metricName":"sys.gpu.0.temperature","metricValue":34,"step":null}},"type":"metric_msg"}
{"payload":{"local_timestamp":1676472816915,"metric":{"epoch":null,"metricName":"sys.gpu.0.used_memory","metricValue":1108221952,"step":null}},"type":"metric_msg"}
{"payload":{"local_timestamp":1676472816915,"stderr":true,"stdout":"    "},"type":"ws_msg"}
{"payload":{"local_timestamp":1676472816915,"stderr":true,"stdout":"train(opt.hyp, opt, device, callbacks)"},"type":"ws_msg"}
{"payload":{"local_timestamp":1676472816915,"stderr":true,"stdout":"\n"},"type":"ws_msg"}
{"payload":{"local_timestamp":1676472816916,"stderr":true,"stdout":"  File \"train.py\", line 96, in train\n"},"type":"ws_msg"}
{"payload":{"local_timestamp":1676472816916,"stderr":true,"stdout":"    "},"type":"ws_msg"}
{"payload":{"local_timestamp":1676472816916,"stderr":true,"stdout":"loggers = Loggers(save_dir, weights, opt, hyp, LOGGER)  # loggers instance"},"type":"ws_msg"}
{"payload":{"local_timestamp":1676472816916,"stderr":true,"stdout":"\n"},"type":"ws_msg"}
{"payload":{"local_timestamp":1676472816916,"stderr":true,"stdout":"  File \"E:\\pythonProject\\yolo\\cf\\utils\\loggers\\__init__.py\", line 129, in __init__\n"},"type":"ws_msg"}
{"payload":{"local_timestamp":1676472816917,"stderr":true,"stdout":"    "},"type":"ws_msg"}
{"payload":{"local_timestamp":1676472816917,"stderr":true,"stdout":"self.comet_logger = CometLogger(self.opt, self.hyp)"},"type":"ws_msg"}
{"payload":{"local_timestamp":1676472816917,"stderr":true,"stdout":"\n"},"type":"ws_msg"}
{"payload":{"local_timestamp":1676472816917,"stderr":true,"stdout":"  File \"E:\\pythonProject\\yolo\\cf\\utils\\loggers\\comet\\__init__.py\", line 97, in __init__\n"},"type":"ws_msg"}
{"payload":{"local_timestamp":1676472816917,"stderr":true,"stdout":"    "},"type":"ws_msg"}
{"payload":{"local_timestamp":1676472816917,"stderr":true,"stdout":"self.data_dict = self.check_dataset(self.opt.data)"},"type":"ws_msg"}
{"payload":{"local_timestamp":1676472816917,"stderr":true,"stdout":"\n"},"type":"ws_msg"}
{"payload":{"local_timestamp":1676472816917,"stderr":true,"stdout":"  File \"E:\\pythonProject\\yolo\\cf\\utils\\loggers\\comet\\__init__.py\", line 232, in check_dataset\n"},"type":"ws_msg"}
{"payload":{"local_timestamp":1676472816918,"stderr":true,"stdout":"    "},"type":"ws_msg"}
{"payload":{"local_timestamp":1676472816918,"stderr":true,"stdout":"data_config = yaml.safe_load(f)"},"type":"ws_msg"}
{"payload":{"local_timestamp":1676472816918,"stderr":true,"stdout":"\n"},"type":"ws_msg"}
{"payload":{"local_timestamp":1676472816918,"stderr":true,"stdout":"  File \"D:\\Program Files\\Anaconda\\envs\\yolo_py37\\lib\\site-packages\\yaml\\__init__.py\", line 125, in safe_load\n"},"type":"ws_msg"}
{"payload":{"local_timestamp":1676472816918,"stderr":true,"stdout":"    "},"type":"ws_msg"}
{"payload":{"local_timestamp":1676472816918,"stderr":true,"stdout":"return load(stream, SafeLoader)"},"type":"ws_msg"}
{"payload":{"local_timestamp":1676472816919,"stderr":true,"stdout":"\n"},"type":"ws_msg"}
{"payload":{"local_timestamp":1676472816919,"stderr":true,"stdout":"  File \"D:\\Program Files\\Anaconda\\envs\\yolo_py37\\lib\\site-packages\\yaml\\__init__.py\", line 79, in load\n"},"type":"ws_msg"}
{"payload":{"local_timestamp":1676472816919,"stderr":true,"stdout":"    "},"type":"ws_msg"}
{"payload":{"local_timestamp":1676472816919,"stderr":true,"stdout":"loader = Loader(stream)"},"type":"ws_msg"}
{"payload":{"local_timestamp":1676472816919,"stderr":true,"stdout":"\n"},"type":"ws_msg"}
{"payload":{"local_timestamp":1676472816919,"stderr":true,"stdout":"  File \"D:\\Program Files\\Anaconda\\envs\\yolo_py37\\lib\\site-packages\\yaml\\loader.py\", line 34, in __init__\n"},"type":"ws_msg"}
{"payload":{"local_timestamp":1676472816921,"stderr":true,"stdout":"    "},"type":"ws_msg"}
{"payload":{"local_timestamp":1676472816921,"stderr":true,"stdout":"Reader.__init__(self, stream)"},"type":"ws_msg"}
{"payload":{"local_timestamp":1676472816921,"stderr":true,"stdout":"\n"},"type":"ws_msg"}
{"payload":{"local_timestamp":1676472816921,"stderr":true,"stdout":"  File \"D:\\Program Files\\Anaconda\\envs\\yolo_py37\\lib\\site-packages\\yaml\\reader.py\", line 85, in __init__\n"},"type":"ws_msg"}
{"payload":{"local_timestamp":1676472816921,"stderr":true,"stdout":"    "},"type":"ws_msg"}
{"payload":{"local_timestamp":1676472816921,"stderr":true,"stdout":"self.determine_encoding()"},"type":"ws_msg"}
{"payload":{"local_timestamp":1676472816921,"stderr":true,"stdout":"\n"},"type":"ws_msg"}
{"payload":{"local_timestamp":1676472816922,"stderr":true,"stdout":"  File \"D:\\Program Files\\Anaconda\\envs\\yolo_py37\\lib\\site-packages\\yaml\\reader.py\", line 124, in determine_encoding\n"},"type":"ws_msg"}
{"payload":{"local_timestamp":1676472816922,"stderr":true,"stdout":"    "},"type":"ws_msg"}
{"payload":{"local_timestamp":1676472816922,"stderr":true,"stdout":"self.update_raw()"},"type":"ws_msg"}
{"payload":{"local_timestamp":1676472816922,"stderr":true,"stdout":"\n"},"type":"ws_msg"}
{"payload":{"local_timestamp":1676472816922,"stderr":true,"stdout":"  File \"D:\\Program Files\\Anaconda\\envs\\yolo_py37\\lib\\site-packages\\yaml\\reader.py\", line 178, in update_raw\n"},"type":"ws_msg"}
{"payload":{"local_timestamp":1676472816922,"stderr":true,"stdout":"    "},"type":"ws_msg"}
{"payload":{"local_timestamp":1676472816922,"stderr":true,"stdout":"data = self.stream.read(size)"},"type":"ws_msg"}
{"payload":{"local_timestamp":1676472816922,"stderr":true,"stdout":"\n"},"type":"ws_msg"}
{"payload":{"local_timestamp":1676472816922,"stderr":true,"stdout":"UnicodeDecodeError"},"type":"ws_msg"}
{"payload":{"local_timestamp":1676472816922,"stderr":true,"stdout":": "},"type":"ws_msg"}
{"payload":{"local_timestamp":1676472816922,"stderr":true,"stdout":"'gbk' codec can't decode byte 0x80 in position 233: illegal multibyte sequence"},"type":"ws_msg"}
{"payload":{"local_timestamp":1676472816923,"stderr":true,"stdout":"\n"},"type":"ws_msg"}
{"payload":{"additional_params":{"assetId":"b50081f7c7684463868a82bed540a785","context":null,"epoch":null,"extension":"yml","fileName":"conda-environment.yml","overwrite":false,"runId":null,"step":null,"type":"conda-environment-definition"},"clean":true,"file_path":"tmp_nkg5fug","local_timestamp":1676472821077,"metadata":{},"upload_type":"conda-environment-definition"},"type":"file_upload"}
{"payload":{"additional_params":{"assetId":"8712e8fa5f5a43d8a68ee49bc45da380","context":null,"epoch":null,"extension":"txt","fileName":"conda-spec.txt","overwrite":false,"runId":null,"step":null,"type":"conda-specification"},"clean":true,"file_path":"tmpnrmrl_ya","local_timestamp":1676472821814,"metadata":{},"upload_type":"conda-specification"},"type":"file_upload"}
{"payload":{"additional_params":{"assetId":"0c617519ae624750a39a814f7c4fc0a4","context":null,"epoch":null,"extension":"yml","fileName":"conda-info.yml","overwrite":false,"runId":null,"step":null,"type":"conda-info"},"clean":true,"file_path":"tmpseqf4euj","local_timestamp":1676472822724,"metadata":{},"upload_type":"conda-info"},"type":"file_upload"}
{"payload":{"local_timestamp":1676472822723,"stderr":true,"stdout":"COMET INFO: ----------------------------------\n"},"type":"ws_msg"}
{"payload":{"local_timestamp":1676472822723,"stderr":true,"stdout":"COMET INFO: Comet.ml OfflineExperiment Summary\n"},"type":"ws_msg"}
{"payload":{"local_timestamp":1676472822723,"stderr":true,"stdout":"COMET INFO: ----------------------------------\n"},"type":"ws_msg"}
{"payload":{"local_timestamp":1676472822723,"stderr":true,"stdout":"COMET INFO:   Data:\n"},"type":"ws_msg"}
{"payload":{"local_timestamp":1676472822723,"stderr":true,"stdout":"COMET INFO:     display_summary_level : 1\n"},"type":"ws_msg"}
{"payload":{"local_timestamp":1676472822723,"stderr":true,"stdout":"COMET INFO:     url                   : [OfflineExperiment will get URL after upload]\n"},"type":"ws_msg"}
{"payload":{"local_timestamp":1676472822724,"stderr":true,"stdout":"COMET INFO:   Others:\n"},"type":"ws_msg"}
{"payload":{"local_timestamp":1676472822724,"stderr":true,"stdout":"COMET INFO:     offline_experiment : True\n"},"type":"ws_msg"}
{"payload":{"local_timestamp":1676472822724,"stderr":true,"stdout":"COMET INFO:   Uploads:\n"},"type":"ws_msg"}
{"payload":{"local_timestamp":1676472822724,"stderr":true,"stdout":"COMET INFO:     conda-environment-definition : 1\n"},"type":"ws_msg"}
{"payload":{"local_timestamp":1676472822724,"stderr":true,"stdout":"COMET INFO:     conda-info                   : 1\n"},"type":"ws_msg"}
{"payload":{"local_timestamp":1676472822724,"stderr":true,"stdout":"COMET INFO:     conda-specification          : 1\n"},"type":"ws_msg"}
{"payload":{"local_timestamp":1676472822724,"stderr":true,"stdout":"COMET INFO:     environment details          : 1\n"},"type":"ws_msg"}
{"payload":{"local_timestamp":1676472822724,"stderr":true,"stdout":"COMET INFO:     installed packages           : 1\n"},"type":"ws_msg"}
{"payload":{"local_timestamp":1676472822725,"stderr":true,"stdout":"COMET INFO: ----------------------------------\n"},"type":"ws_msg"}
{"payload":{"local_timestamp":1676472822725,"stderr":true,"stdout":"COMET WARNING: Experiment Name is generated at upload time for Offline Experiments unless set explicitly with Experiment.set_name\n"},"type":"ws_msg"}
{"payload":{"local_timestamp":1676472822725,"stderr":true,"stdout":"COMET WARNING: Comet has disabled auto-logging functionality as it has been imported after the following ML modules: tensorboard, torch. Metrics and hyperparameters can still be logged using Experiment.log_metrics() and Experiment.log_parameters()\n"},"type":"ws_msg"}
{"payload":{"local_timestamp":1676472822725,"log_other":{"key":"sys.already_imported_modules","val":"[\"tensorboard\", \"torch\"]"}},"type":"ws_msg"}
